,subject,nll,bic,model,w_p,theta,lam,phi,beta
41,41,147.3624546005249,321.8054112120719,sb_int-additive_comp-absolute_gbatt-false_gbalt-true_lk-gaze-dependent_inh-gaze-dependent,0.5279599270553238,0.6899255036726316,0.7045859245479572,0.0,2.2602442655713864
