,subject,nll,bic,model,alpha,gamma,theta,lam,phi,beta
18,18,115.56251165592485,263.6216257250762,sb_int-multiplicative_comp-absolute_gbatt-false_gbalt-true_lk-gaze-dependent_inh-gaze-dependent,0.37074751581194887,0.5014592960077173,0.9048216073006033,0.9955702965458628,0.0,1.2499620392794342
