,subject,nll,bic,model,w_p,eta,phi,beta
35,35,177.88257029242553,377.42954219366874,sb_int-additive_comp-absolute_gbatt-true_gbalt-false_lk-none_inh-gaze-dependent,0.802457360673552,0.8416026696298079,0.027488170958081422,1.6065975294878112
