,subject,nll,bic,model,alpha,gamma,theta,lam,phi,beta
16,16,101.00192864102004,234.5004596952666,sb_int-multiplicative_comp-absolute_gbatt-false_gbalt-true_lk-gaze-dependent_inh-free,1.4079803093850147,1.0,1.0,0.14322061924776003,0.026024287305086165,0.04423377089696083
