,subject,nll,bic,model,w_p,eta,theta,lam,phi,beta
13,13,88.0881991229738,208.67300065917414,sb_int-additive_comp-vsmean_gbatt-true_gbalt-true_lk-free_inh-gaze-dependent,0.6449212232523135,0.6852093141075702,0.292290339802972,0.904050001966734,0.0,3.6444265111785117
