subject,nll,bic,model,beta,lam
16,104.32908841337961,219.49037763116806,gaze-baseline-dyn,2.0801354349738763,0.5142320497224253
