subject,nll,bic,model,beta,lam
32,235.8474084254402,482.5270176552892,gaze-baseline-dyn,0.3394967153862513,0.20300742225042478
