subject,nll,bic,model,beta,lam
41,138.68951651689338,288.1295898491551,gaze-baseline-dyn,1.2136785650096904,0.21787633249577906
