subject,nll,bic,model,beta,lam
10,167.5191118227866,345.87042444998207,gaze-baseline-dyn,1.4342571464305418,0.5159686342734231
