subject,nll,bic,model,beta,lam
17,159.44614682974503,329.7244944638989,gaze-baseline-dyn,0.9360759628792893,0.11748854985037611
