subject,nll,bic,model,beta,lam
30,204.15832340224858,419.148847608906,gaze-baseline-dyn,0.6508806205587653,0.2766456047406006
