subject,nll,bic,model,beta,lam
39,184.48446599950967,379.8011328034282,gaze-baseline-dyn,1.0652359018430761,0.207709940920677
