subject,nll,bic,model,beta,lam
37,117.25852735371626,245.34925551184136,gaze-baseline-dyn,1.2455861496045533,0.21083010660390786
