subject,nll,bic,model,beta,lam
13,97.27501053896111,205.38222188233107,gaze-baseline-dyn,1.1507883760458113,0.10520707697103768
