subject,nll,bic,model,beta,lam
43,153.14234622581498,317.1168932560388,gaze-baseline-dyn,1.0697030846577684,0.09696159550483396
