subject,nll,bic,model,beta,lam
18,165.47230543798935,341.77681168038754,gaze-baseline-dyn,0.7912501265320757,0.12046207147437824
