subject,nll,bic,model,beta,lam
5,91.84283155240279,194.5178639092144,gaze-baseline-dyn,2.4444125383921813,0.6669995009329768
