subject,nll,bic,model,beta,lam
7,171.1381611458562,353.10852309612125,gaze-baseline-dyn,0.6740448251009643,0.11225988102104985
