subject,nll,bic,model,beta,lam
27,171.9988642148419,354.8299292340926,gaze-baseline-dyn,0.9965818057275537,0.11457716548564162
