subject,nll,bic,model,beta,lam
21,59.58863475150115,130.00947030741114,gaze-baseline-dyn,2.5934627854867016,0.5031033700376011
