subject,nll,bic,model,beta,lam
22,156.05173741163057,322.93567562767,gaze-baseline-dyn,1.2829496689911997,0.2592396456974619
