subject,nll,bic,model,beta,lam
0,108.3964447115558,227.62509022752045,gaze-baseline-dyn,2.1575953963278645,0.4371219799820182
