subject,nll,bic,model,beta,lam
20,64.00948453024384,138.85116986489652,gaze-baseline-dyn,3.075966017921422,0.8039126461822602
