subject,nll,bic,model,beta,lam
1,171.8130041170826,354.45820903857407,gaze-baseline-dyn,0.7684205702762748,0.06663357360442514
