subject,nll,bic,model,beta,lam
26,68.92723223632693,148.6866652770627,gaze-baseline-dyn,2.692923499682729,0.6092765660409754
