subject,nll,bic,model,beta,lam
34,192.31754787280647,395.4672965500218,gaze-baseline-dyn,0.7374192871055655,0.17201937724773003
