subject,nll,bic,model,beta,lam
3,139.6944634240077,290.22112765242423,gaze-baseline-dyn,1.5840047707164235,0.2999753946530899
