subject,nll,bic,model,beta,lam
19,158.92004362777593,328.6722880599607,gaze-baseline-dyn,0.9372043178182659,0.12511416066534506
