subject,nll,bic,model,beta,lam
31,60.314040284655874,131.4602813737206,gaze-baseline-dyn,3.1569753995395664,0.8184594159705266
