subject,nll,bic,model,beta,lam
42,104.30717629251085,219.44655338943053,gaze-baseline-dyn,1.566090972148022,0.28488724721000275
