subject,nll,bic,model,beta,lam
35,205.7318259392812,422.29585268297126,gaze-baseline-dyn,0.46732541923907445,0.09299406775341004
