subject,nll,bic,model,beta,lam
4,175.50381000103812,361.8398208064851,gaze-baseline-dyn,0.8339318594741514,0.18018120706232837
