subject,nll,bic,model,beta,lam
24,146.45573211291594,303.7436650302407,gaze-baseline-dyn,1.5162564670912744,0.3721765673895766
