subject,nll,bic,model,beta,lam
12,186.34595694461868,383.5241146936462,gaze-baseline-dyn,0.7959444286177371,0.12080430810597231
