subject,nll,bic,model,beta,lam
38,137.89888156955885,286.62996394352655,gaze-baseline-dyn,1.1660557525468682,0.14169491687999355
