subject,nll,bic,model,beta,lam
23,157.00506408293384,324.8423289702765,gaze-baseline-dyn,0.9677566666585445,0.08589320218373624
