subject,nll,bic,model,beta,lam
14,155.9544405708644,322.7410819461376,gaze-baseline-dyn,1.2371747197000509,0.28157937886636114
