subject,nll,bic,model,beta,lam
33,189.93386746352923,390.6999357314673,gaze-baseline-dyn,0.8763752313685167,0.20826585727573438
