subject,nll,bic,model,beta,lam
36,139.63331624576983,290.0988332959485,gaze-baseline-dyn,1.8992178319358841,0.7420642945269078
