subject,nll,bic,model,beta,lam
8,187.8533729408507,386.53894668611025,gaze-baseline-dyn,1.2319964964222891,0.6469389809518697
