subject,nll,bic,model,beta,lam
2,180.1151736316886,371.06254806778605,gaze-baseline-dyn,0.8146748256383369,0.16309419325666835
