subject,nll,bic,model,beta,lam
6,132.77655115106734,276.36744584505493,gaze-baseline-dyn,1.727774765053838,0.5812110833769366
