subject,nll,bic,model,beta,lam
15,166.6506633442398,344.13352749288845,gaze-baseline-dyn,1.2981952621179538,0.27593998269055275
