subject,nll,bic,model,beta,lam
11,136.45769694778437,283.7475946999776,gaze-baseline-dyn,1.2808586694797828,0.15274759138411098
