subject,nll,bic,model,beta,lam
9,87.275278250919,185.38275730624684,gaze-baseline-dyn,2.888440100239191,0.979996698477823
