subject,nll,bic,model,alpha,gamma,beta,theta
0,195.6618365039443,412.9880746167063,glickman1layernoleak,0.7790099260801726,0.9537704318999488,0.04254262488505612,0.11119536307061646
