subject,nll,bic,model,alpha,gamma,beta,theta
19,182.12705412175492,385.91850985232753,glickman1layernoleak,0.5114844019163074,0.5152170274204276,0.26330205153988123,0.5084248438038942
