subject,nll,bic,model,alpha,gamma,beta,theta
26,169.85155666362346,361.3675149360646,glickman1layernoleak,0.2663334543601429,0.4115119336601523,0.7789805464972863,0.6775819141452277
