subject,nll,bic,model,alpha,gamma,beta,theta
36,120.55993618161708,262.78427397205184,glickman1layernoleak,0.13136250759162268,1.0,1.704326904045291,0.758823610138491
