subject,nll,bic,model,alpha,gamma,beta,theta
17,148.69753006296503,319.05946173474774,glickman1layernoleak,0.3563985060245844,0.5846730925261855,0.7686682542055513,0.5686454510904121
