subject,nll,bic,model,alpha,gamma,beta,theta
5,162.54063315342137,346.7456679156604,glickman1layernoleak,0.16142841894466167,1.0,0.6578447015978951,0.7398982834361193
