subject,nll,bic,model,alpha,gamma,beta,theta
27,139.11511339417683,299.89462839717135,glickman1layernoleak,0.2491483906475267,1.0,1.143667805980475,0.7127132197145557
