subject,nll,bic,model,alpha,gamma,beta,theta
41,176.8295256468861,375.1601649245089,glickman1layernoleak,0.5483063256566092,0.9487495405207415,0.14633989539324124,0.0
