subject,nll,bic,model,alpha,gamma,beta,theta
23,133.3543413255726,288.37308425996287,glickman1layernoleak,1.1636049964255637,1.0,0.046595360421043945,0.5147242811337491
