subject,nll,bic,model,alpha,gamma,beta,theta
43,171.84663658484826,365.3576747785142,glickman1layernoleak,1.0384976367469851,1.0,0.07920136646064514,0.41788159672679354
