subject,nll,bic,model,alpha,gamma,beta,theta
14,195.5327611808076,412.7299239704329,glickman1layernoleak,0.44028730460127885,0.4491529343227946,0.3880493780601178,0.6479884677687728
