subject,nll,bic,model,alpha,gamma,beta,theta
20,103.82093641441008,229.30627443763785,glickman1layernoleak,0.24607053693131417,1.0,1.3415586137748912,0.8928906230750757
