subject,nll,bic,model,alpha,gamma,beta,theta
4,198.52599828778284,418.71639818438337,glickman1layernoleak,0.4161697556695477,1.0,0.13871759371170872,0.4746942117625578
