subject,nll,bic,model,alpha,gamma,beta,theta
35,178.90008678681505,379.4645751824478,glickman1layernoleak,0.2719844520051181,1.0,0.43117073666005545,0.7247529358756625
