subject,nll,bic,model,alpha,gamma,beta,theta
3,143.3988644157016,308.4621304402209,glickman1layernoleak,0.26250175153779914,0.28,4.879383381780509,0.7296313482490727
