subject,nll,bic,model,alpha,gamma,beta,theta
37,132.95102812026755,287.5664578493528,glickman1layernoleak,0.34020265988525783,0.33291633101209334,1.6429339066622821,0.8240582378583666
