subject,nll,bic,model,alpha,gamma,beta,theta
18,117.51724327953958,256.6988881678968,glickman1layernoleak,0.3794690074246209,0.5211504726032296,1.176782835206322,0.8449079186826319
