subject,nll,bic,model,alpha,gamma,beta,theta
12,151.57495188615837,324.81430538113443,glickman1layernoleak,0.2757838839560426,1.0,0.7582894154915014,0.6912797211944872
