subject,nll,bic,model,alpha,gamma,beta,theta
42,201.38809648224378,424.44059457330525,glickman1layernoleak,0.5008652244128862,0.4552646414272565,0.2660850834947908,0.5375331276918438
