subject,nll,bic,model,alpha,gamma,beta,theta
15,174.04669762413818,369.75779685709404,glickman1layernoleak,0.18782800398247396,1.0,0.7483637170284245,0.6006311848837611
