subject,nll,bic,model,alpha,gamma,beta,theta
8,153.8186265676229,329.3016547440635,glickman1layernoleak,0.15762911491778342,1.0,0.80945967981728,0.7939524457450833
