subject,nll,bic,model,alpha,gamma,beta,theta
6,135.15119462783974,291.93107634151994,glickman1layernoleak,0.8648811703331017,0.8722050261746332,0.09116846839868648,0.9049640589833634
