subject,nll,bic,model,alpha,gamma,beta,theta
39,178.4298842942652,378.5241701973481,glickman1layernoleak,1.4786823201089607,1.0,0.015651865521905124,0.525925354152458
