subject,nll,bic,model,alpha,gamma,beta,theta
1,145.87908110593776,313.4225638206932,glickman1layernoleak,0.3824882754929579,1.0,0.3339507638592451,0.42100326715907516
