subject,nll,bic,model,alpha,gamma,beta,theta
11,140.5022540652661,302.6689097393499,glickman1layernoleak,0.2959847207352683,1.0,0.6377706253209824,0.5797188761544161
