subject,nll,bic,model,alpha,gamma,beta,theta
2,112.96911370529845,247.6026290194146,glickman1layernoleak,0.15014375440609432,1.0,1.2976475282737903,0.8188145462547627
