subject,nll,bic,model,alpha,gamma,beta,theta
38,155.43502105529546,332.5344437194086,glickman1layernoleak,0.7220964721277648,0.7060068724620259,0.21336901449358686,0.6293510886122522
