subject,nll,bic,model,alpha,gamma,beta,theta
30,120.5091399653411,262.68268153949987,glickman1layernoleak,0.3166401284482956,1.0,0.722874045338665,0.8832254091163992
