subject,nll,bic,model,alpha,gamma,beta,theta
34,172.80609789385267,367.276597396523,glickman1layernoleak,0.5817979532477484,0.7612064259156752,0.14805906423260506,0.6480434759592308
