subject,nll,bic,model,alpha,gamma,beta,theta
24,120.4821335445213,262.6286686978603,glickman1layernoleak,0.28249605462332494,1.0,0.7752110231828746,0.6793725500459575
