subject,nll,bic,model,alpha,gamma,beta,theta
32,178.17789756707154,378.02019674296076,glickman1layernoleak,1.089249398801386,1.0,0.03619507681209496,0.9010079547377349
