subject,nll,bic,model,alpha,gamma,beta,theta
7,143.97285118889374,309.61010398660517,glickman1layernoleak,0.7529798012255945,0.6926211859199848,0.18012428198308378,0.7140228873724108
