subject,nll,bic,model,alpha,gamma,beta,theta
9,105.04823291970024,231.76086744821816,glickman1layernoleak,0.2320978088785114,1.0,1.1603451789531314,0.5933951841063617
