subject,nll,bic,model,alpha,gamma,beta,theta
33,157.4134982685926,336.4913981460029,glickman1layernoleak,0.5496599256995987,0.6736787658177964,0.4990880262774766,0.7318537498821497
