subject,nll,bic,model,alpha,gamma,beta,theta
22,177.11166594584068,375.88773350049905,glickman1layernoleak,0.22853163410306135,1.0,0.6707596062604815,0.6198784039207347
