subject,nll,bic,model,alpha,gamma,beta,theta
13,150.47919630204663,322.62279421291095,glickman1layernoleak,0.7219846294376493,0.7764185171473776,0.11073455946452182,0.6305108778436416
