subject,nll,bic,model,alpha,gamma,beta,theta
16,144.4816436869653,310.6276889827483,glickman1layernoleak,0.6964405365533921,0.6664947582593422,0.18167804629216633,0.884919120116926
