subject,nll,bic,model,alpha,gamma,beta,theta
10,166.64880472492644,354.96201105867056,glickman1layernoleak,0.05793682816855982,1.0,1.3224533642916692,0.6362980188227886
