subject,nll,bic,model,alpha,gamma,beta,theta
31,61.49004825747393,144.64449812376554,glickman1layernoleak,0.046860362138315965,1.0,1.5408926642622216,0.7214088405529017
