subject,nll,bic,model,alpha,gamma,beta,theta
21,134.1537651544236,289.9719319176649,glickman1layernoleak,0.45771626532612725,0.4558285241586163,0.3862969034517113,0.6600564121545351
