,subject,nll,bic,model,w_p,eta,lam,phi,beta
14,14,224.55397491903307,476.1884518490882,sb_int-additive_comp-vsmean_gbatt-true_gbalt-false_lk-free_inh-gaze-dependent,0.5601600575919837,1.0,0.4399443269472058,0.7059181407436128,5.776609616387478
