,subject,nll,bic,model,w_p,eta,lam,phi,beta
33,33,188.1303763175435,403.34125464610906,sb_int-additive_comp-vsmean_gbatt-true_gbalt-false_lk-free_inh-gaze-dependent,0.6534859375234453,0.7280125683312296,0.6224822852249265,0.838393396261801,5.468556870361477
