,subject,nll,bic,model,w_p,eta,lam,phi,beta
17,17,183.05873657109052,393.1979751532031,sb_int-additive_comp-vsmean_gbatt-true_gbalt-false_lk-free_inh-gaze-dependent,0.6656088886740776,1.0,0.5604337590862758,0.6865301513882104,5.805556670911685
