subject,nll,bic,model,alpha,alpha_gen,beta,beta_gen
9-glickman1layer,162.16843564323204,335.16907209087293,eu,0.25567450576383083,0.2283286773933103,14.377470012963103,4.7242545390726205
