subject,nll,bic,model,alpha,alpha_gen,beta,beta_gen
13-gaze-baseline-stat,241.84335849125472,494.5189177869183,eu,0.8656566490639557,,0.6025613740573855,8.83982466197098
