subject,nll,bic,model,alpha,alpha_gen,beta,beta_gen
5-glickman1layer,178.81954876925573,368.4712983429203,eu,0.1763175692052995,0.1562969128013109,17.35249981687323,9.995409385420643
