subject,nll,bic,model,alpha,alpha_gen,beta,beta_gen
1-eu,164.13610343940923,339.1044076832273,eu,0.4088743121684229,0.4022226821043201,4.880764370811619,5.220320524130496
