subject,nll,bic,model,alpha,alpha_gen,beta,beta_gen
31-pt,77.14492708126858,165.122054966946,eu,0.04397497851111083,0.0522094597060603,41.72412745111398,50.0
