subject,nll,bic,model,alpha,alpha_gen,beta,beta_gen
11-glickman1layer,170.81566562258215,352.46353204957313,eu,0.2686033673860352,0.2621394983109474,9.388986287349788,2.730729438849143
