subject,nll,bic,model,alpha,alpha_gen,beta,beta_gen
2-glickman1layer,131.67924093605617,274.1906826765212,eu,0.14311568233355662,0.1297676749498846,26.738827263240072,7.631085221669398
