subject,nll,bic,model,alpha,alpha_gen,beta,beta_gen
11-gaze-baseline-dyn,237.81389911520534,486.45999903481953,eu,0.3325731849603898,,1.5280016150955344,1.2808586694797828
