subject,nll,bic,model,alpha,alpha_gen,beta,beta_gen
15-glickman1layer,202.07633228407903,414.9848653725669,eu,0.23998641028842904,0.2231852234741067,7.885695443721873,4.509810842369364
