subject,nll,bic,model,alpha,alpha_gen,beta,beta_gen
35-pt,199.60572017176656,410.04364114794197,eu,0.22097319504810964,0.2542164396838136,8.139939320998606,8.58980762168464
