subject,nll,bic,model,alpha,alpha_gen,beta,beta_gen
6-eu,106.39966925979897,223.61368206251817,eu,1.0150569410997188,1.0111166050513731,2.788423942562866,2.5971971789674257
