subject,nll,bic,model,alpha,alpha_gen,beta,beta_gen
18-gaze-baseline-stat,229.35901258430198,469.5502259730128,eu,0.660190954061897,,1.265570839726989,8.336874045930232
