subject,nll,bic,model,alpha,alpha_gen,beta,beta_gen
33-gaze-baseline-stat,247.18708995133713,505.2063807070831,eu,0.5847824680325765,,0.0,4.559564110340064
