subject,nll,bic,model,alpha,alpha_gen,beta,beta_gen
12-pt,165.46264561528594,341.7574920349807,eu,0.28933305756975286,0.2898591299510095,13.51260521796333,13.496066054422936
