subject,nll,bic,model,alpha,alpha_gen,beta,beta_gen
5-mdft,182.65922688995317,376.1506545843152,eu,0.16381329305718378,,17.165662634750642,
