subject,nll,bic,model,alpha,alpha_gen,beta,beta_gen
8-glickman1layer,164.85805593108245,340.54831266657374,eu,0.1571610950331726,0.1488223933716889,18.65448684940353,9.258593702230275
