subject,nll,bic,model,alpha,alpha_gen,beta,beta_gen
36-gaze-baseline-dyn,244.80647368955613,500.4451481835211,eu,0.30366342114394185,,0.6955857931331706,1.899217831935884
