subject,nll,bic,model,alpha,alpha_gen,beta,beta_gen
6-gaze-baseline-stat,241.7566258485346,494.3275952399895,eu,1.0848439541534671,,0.14401604180583874,4.108056738821963
