subject,nll,bic,model,alpha,alpha_gen,beta,beta_gen
38-gaze-baseline-dyn,226.08850965070485,463.00922010581854,eu,1.3525368670359286,,0.1617375995729026,1.1660557525468682
