subject,nll,bic,model,alpha,alpha_gen,beta,beta_gen
23-mdft,169.8135942918712,350.45938938815124,eu,1.198432964792844,,0.595628473846664,
