subject,nll,bic,model,alpha,alpha_gen,beta,beta_gen
20-glickman1layer,111.84765161055104,234.52750402551092,eu,0.228484190666678,0.2583455594649753,27.021177225632393,14.433326128109456
