subject,nll,bic,model,alpha,alpha_gen,beta,beta_gen
4-gaze-baseline-dyn,241.694976424819,494.22215365404685,eu,0.24031505042978255,,1.5893420307135784,0.8339318594741514
