subject,nll,bic,model,alpha,alpha_gen,beta,beta_gen
2-gaze-baseline-dyn,246.48864349508216,503.80948779457316,eu,0.41391214220179695,,0.2939600412074884,0.8146748256383369
