subject,nll,bic,model,alpha,alpha_gen,beta,beta_gen
12-eu,154.7347442028913,320.30168921019146,eu,0.2898913816117733,0.2898150278282563,15.641989972515283,13.521899404601356
