subject,nll,bic,model,alpha,alpha_gen,beta,beta_gen
1-pt,156.70531940481197,324.2428396140328,eu,0.37250616425618027,0.402222783143851,6.475682405528257,5.220323768193317
