subject,nll,bic,model,alpha,alpha_gen,beta,beta_gen
4-pt,206.89231178858287,424.6168243815746,eu,0.45029395161589797,0.3935879190096814,2.6288709749157695,3.026507879343053
