subject,nll,bic,model,alpha,alpha_gen,beta,beta_gen
27-mdft,182.66375674845546,376.15971430131975,eu,0.23053203742686587,,10.269678442264919,
