subject,nll,bic,model,alpha,alpha_gen,beta,beta_gen
20-gaze-baseline-dyn,172.95252016448399,356.7372411333768,eu,0.24473653521738517,,12.51111610351348,3.075966017921422
