subject,nll,bic,model,alpha,alpha_gen,beta,beta_gen
8-pt,149.9065935077716,310.645387819952,eu,0.16843246269869586,0.1649343020381339,23.491259486802786,19.14808889648113
