subject,nll,bic,model,alpha,alpha_gen,beta,beta_gen
3-gaze-baseline-stat,236.9241464236147,484.68049365163824,eu,0.6693099857198842,,0.6592589109107724,7.780741773339563
