subject,nll,bic,model,alpha,alpha_gen,beta,beta_gen
20-pt,117.22363697339469,245.27947475119822,eu,0.24927844342861602,0.2430705077440896,25.155606829151463,27.574121348221983
