subject,nll,bic,model,alpha,alpha_gen,beta,beta_gen
35-gaze-baseline-dyn,247.04643638947118,504.9250735833512,eu,0.6445538999808337,,0.06393004338513958,0.4673254192390744
