subject,nll,bic,model,alpha,alpha_gen,beta,beta_gen
18-eu,128.14255903272797,267.1173188698648,eu,0.48400800496468777,0.459494026636538,11.566292168046461,12.193105093669988
