subject,nll,bic,model,alpha,alpha_gen,beta,beta_gen
2-mdft,105.43643019229971,221.70506118900826,eu,0.15557790694768528,,36.3116668082059,
