subject,nll,bic,model,alpha,alpha_gen,beta,beta_gen
34-mdft,157.17172396163153,325.1756487276719,eu,0.5805211688054669,,4.160849224760927,
