subject,nll,bic,model,alpha,alpha_gen,beta,beta_gen
36-eu,146.74250895844602,304.3172187213009,eu,0.15053812430716992,0.1470840042162613,28.85784788753131,27.648960494814336
