subject,nll,bic,model,alpha,alpha_gen,beta,beta_gen
9-pt,154.4765333197551,319.78526744391905,eu,0.28804271943116505,0.2621886114708196,13.913962994835769,14.00044782929071
