subject,nll,bic,model,alpha,alpha_gen,beta,beta_gen
17-mdft,175.20988790358683,361.2519766115825,eu,0.44745413099308257,,5.338999986283161,
