subject,nll,bic,model,alpha,alpha_gen,beta,beta_gen
22-mdft,207.54091474107832,425.9140302865655,eu,0.18579346069321817,,7.582466543581426,
