subject,nll,bic,model,alpha,alpha_gen,beta,beta_gen
3-eu,200.23719193233012,411.3065846690691,eu,0.44026904466992806,0.4000893849811648,3.7106700333295612,4.324361161312236
