subject,nll,bic,model,alpha,alpha_gen,beta,beta_gen
41-glickman1layer,228.84521094825624,468.4409787118808,eu,0.7123137910103876,0.8544366616929914,0.46582034264509536,0.2292348594698415
