subject,nll,bic,model,alpha,alpha_gen,beta,beta_gen
18-pt,112.88175258341307,236.595705971235,eu,0.46982663360600135,0.4097109343774081,14.517412088201066,19.860678241518315
