subject,nll,bic,model,alpha,alpha_gen,beta,beta_gen
35-gaze-baseline-stat,247.11447546176538,505.0611517279396,eu,0.6905036423818369,,0.0376779298103613,3.1640340408044167
