subject,nll,bic,model,alpha,alpha_gen,beta,beta_gen
23-pt,142.83715308298963,296.5065069703881,eu,1.290695173604134,1.1391803593505805,0.5265842505811738,0.8797157788529822
