subject,nll,bic,model,alpha,alpha_gen,beta,beta_gen
10-glickman1layer,166.4774329275217,343.78706665945225,eu,0.05592055545052578,0.0648920229879807,17.109615152398547,11.420515402263485
