subject,nll,bic,model,alpha,alpha_gen,beta,beta_gen
41-eu,220.93188633050661,452.61432947638156,eu,0.644699423024086,0.7008334620519882,0.8898430006793853,0.7430012248854967
