subject,nll,bic,model,alpha,alpha_gen,beta,beta_gen
12-gaze-baseline-dyn,243.26656611796693,497.3653330403427,eu,0.6120207060427577,,0.5421023502145369,0.7959444286177371
