subject,nll,bic,model,alpha,alpha_gen,beta,beta_gen
26-gaze-baseline-stat,246.99401377975238,504.8202283639136,eu,0.21230370427480572,,0.2866571394645971,4.477165889601494
