subject,nll,bic,model,alpha,alpha_gen,beta,beta_gen
12-glickman1layer,164.93009424805814,340.6923893005251,eu,0.28998670821973965,0.2576657190551417,13.602365045571851,3.4365366801311112
