subject,nll,bic,model,alpha,alpha_gen,beta,beta_gen
41-gaze-baseline-stat,233.34963431889986,477.44982545316805,eu,0.6604890114508922,,0.39430674415476796,6.0801170949253205
