subject,nll,bic,model,alpha,alpha_gen,beta,beta_gen
9-mdft,158.51430545590463,327.8608117162181,eu,0.2900828562242194,,13.143594892622804,
