subject,nll,bic,model,alpha,alpha_gen,beta,beta_gen
17-gaze-baseline-stat,242.74357004051322,496.3193408854353,eu,0.6335777576431023,,0.5024295784643688,7.633593779348207
