subject,nll,bic,model,alpha,alpha_gen,beta,beta_gen
38-pt,191.1514050075399,393.1350108194886,eu,1.0325309565244192,0.8074221560786377,1.4864623648577016,4.034852471878214
