subject,nll,bic,model,alpha,alpha_gen,beta,beta_gen
14-gaze-baseline-dyn,247.12199809620193,505.0761969968127,eu,0.0,,0.22060238157283182,1.2371747197000509
