subject,nll,bic,model,alpha,alpha_gen,beta,beta_gen
6-mdft,111.65597855825881,234.12630065943785,eu,0.9729349415402951,,3.3378499502125942,
