subject,nll,bic,model,alpha,alpha_gen,beta,beta_gen
7-gaze-baseline-stat,246.12659595470257,503.085392713814,eu,1.4220736157546512,,0.019425641577924112,5.65374942963449
