subject,nll,bic,model,alpha,alpha_gen,beta,beta_gen
14-mdft,243.49098093518097,497.8141626747708,eu,0.0,,1.6866110332449342,
