subject,nll,bic,model,alpha,alpha_gen,beta,beta_gen
34-gaze-baseline-dyn,242.34667353263217,495.5255478696732,eu,0.6297294253967172,,0.5470715635929609,0.7374192871055655
