subject,nll,bic,model,alpha,alpha_gen,beta,beta_gen
16-mdft,172.9735150963573,356.7792309971234,eu,0.9818725546083434,,1.617526387471482,
