subject,nll,bic,model,alpha,alpha_gen,beta,beta_gen
32-glickman1layer,161.2462240932604,333.32464899092963,eu,1.2047949338682389,1.1627844849600717,0.7500587560950429,0.1652686840457516
