subject,nll,bic,model,alpha,alpha_gen,beta,beta_gen
19-pt,232.07394001580775,474.98008083602434,eu,1.0740637873916066,0.5794995494147482,0.19758902197327013,4.052154605644132
