subject,nll,bic,model,alpha,alpha_gen,beta,beta_gen
16-pt,190.29900396623202,391.4302087368729,eu,1.0605191360787294,0.6777391216421962,0.8880901810812073,8.439788432393728
