subject,nll,bic,model,alpha,alpha_gen,beta,beta_gen
26-glickman1layer,177.07784208012419,364.9878849646572,eu,0.35071070063518806,0.2599262619903962,6.235302771372859,49.74273699268767
