subject,nll,bic,model,alpha,alpha_gen,beta,beta_gen
11-gaze-baseline-stat,237.25535663348705,485.34291407138295,eu,0.43173124305253635,,1.094927441965748,8.11208943150071
