subject,nll,bic,model,alpha,alpha_gen,beta,beta_gen
16-glickman1layer,173.75373396223262,358.3396687288741,eu,1.0347253131362668,0.6503021597247362,1.2314570313165594,4.440525235762162
