subject,nll,bic,model,alpha,alpha_gen,beta,beta_gen
6-gaze-baseline-dyn,207.88345817583615,426.58125989459256,eu,1.0394062564407116,,0.6875086836310949,1.727774765053838
