subject,nll,bic,model,alpha,alpha_gen,beta,beta_gen
43-mdft,244.74375961605801,500.31972003652487,eu,1.029835665240773,,0.235894624203586,
