subject,nll,bic,model,alpha,alpha_gen,beta,beta_gen
36-gaze-baseline-stat,243.39783724874206,497.62787530189297,eu,0.3515663855128954,,0.7076262656648216,5.775473785538468
