subject,nll,bic,model,alpha,alpha_gen,beta,beta_gen
37-pt,195.48727827966758,401.806757363744,eu,0.5104645159003925,0.3541503749405873,4.811459453300139,47.69048795299546
