subject,nll,bic,model,alpha,alpha_gen,beta,beta_gen
0-glickman1layer,217.0727245463341,444.977649897077,eu,0.9278909153708611,0.4408096854355204,0.5088901817219686,3.055905705534174
