subject,nll,bic,model,alpha,alpha_gen,beta,beta_gen
23-gaze-baseline-stat,246.34574369015866,503.52368818472615,eu,1.9605721870997523,,0.001755992893371323,5.407996510497746
