subject,nll,bic,model,alpha,alpha_gen,beta,beta_gen
26-pt,185.20684271926433,381.2458862429375,eu,0.36581108853089955,0.2534364928934169,5.1765017342630575,21.755127013623817
