subject,nll,bic,model,alpha,alpha_gen,beta,beta_gen
42-eu,237.65165988641672,486.1355205772423,eu,1.1017052531876388,0.9789161580894136,0.21661834765214938,0.4392965690522843
