subject,nll,bic,model,alpha,alpha_gen,beta,beta_gen
4-eu,198.8436855505279,408.51957190546466,eu,0.352078432708827,0.3935879183003801,4.84772481204913,3.026503176054454
