subject,nll,bic,model,alpha,alpha_gen,beta,beta_gen
18-glickman1layer,140.1123632027843,291.05692720997746,eu,0.45996541486803827,0.3662218627105256,11.020978672280535,5.159585244689372
