subject,nll,bic,model,alpha,alpha_gen,beta,beta_gen
43-gaze-baseline-dyn,242.00747521273686,494.84715122988257,eu,1.0475084235431233,,0.3210517476395725,1.0697030846577684
