subject,nll,bic,model,alpha,alpha_gen,beta,beta_gen
19-eu,218.64552022700752,448.1232412584239,eu,0.9084970674127087,0.9379717005538728,0.5877091454419818,0.5516483175253851
