subject,nll,bic,model,alpha,alpha_gen,beta,beta_gen
37-mdft,168.84948683234606,348.53117446910096,eu,0.39585084713354624,,10.546904164209,
