subject,nll,bic,model,alpha,alpha_gen,beta,beta_gen
38-gaze-baseline-stat,236.7927459513853,484.41769270717947,eu,1.3185896494296458,,0.12672774898116707,7.550364703585643
