subject,nll,bic,model,alpha,alpha_gen,beta,beta_gen
32-gaze-baseline-stat,246.81114355656504,504.4544879175389,eu,0.35465844629450866,,0.30270180810028446,1.3153576653955958
