subject,nll,bic,model,alpha,alpha_gen,beta,beta_gen
0-gaze-baseline-stat,246.6110627772914,504.05432635899166,eu,1.661052072254521,,0.0037417141066880093,6.652314601141089
