subject,nll,bic,model,alpha,alpha_gen,beta,beta_gen
42-glickman1layer,231.35677728415232,473.5457553727135,eu,0.9756592405181316,0.4864751507311212,0.4866725884886119,4.145331676837502
