subject,nll,bic,model,alpha,alpha_gen,beta,beta_gen
19-mdft,222.63353933200085,456.09927946841054,eu,0.841015710310788,,0.7045738541313695,
