subject,nll,bic,model,alpha,alpha_gen,beta,beta_gen
7-mdft,170.95268860484168,352.7375780140922,eu,1.0321687944566924,,1.3267504964475916,
