subject,nll,bic,model,alpha,alpha_gen,beta,beta_gen
35-eu,194.65970496092407,400.151610726257,eu,0.2580537302025626,0.254216379652407,8.423747841517592,8.589790751985792
