subject,nll,bic,model,alpha,alpha_gen,beta,beta_gen
38-glickman1layer,185.85537065443404,382.5429421132769,eu,1.0521596929144639,0.7198049575836738,1.4324658985588228,0.9095176070500912
