subject,nll,bic,model,alpha,alpha_gen,beta,beta_gen
24-pt,145.6885150583468,302.20923092110246,eu,0.269171490559132,0.2664344024885666,17.48395090149736,17.161537070697648
