subject,nll,bic,model,alpha,alpha_gen,beta,beta_gen
20-eu,128.0075270981122,266.84725500063325,eu,0.24604358343318386,0.2430705339524448,22.415906892160177,27.497345129461767
