subject,nll,bic,model,alpha,alpha_gen,beta,beta_gen
6-pt,108.85947976231597,228.53330306755217,eu,1.0395248887061959,0.8615907681102339,2.306055767572203,5.045087893378423
