subject,nll,bic,model,alpha,alpha_gen,beta,beta_gen
9-gaze-baseline-dyn,227.3286756759625,465.48955215633384,eu,0.28076757295238863,,3.2074129562986737,2.888440100239191
