subject,nll,bic,model,alpha,alpha_gen,beta,beta_gen
27-glickman1layer,153.49416204765316,317.82052489971517,eu,0.2360669994835824,0.2383206975530018,15.645227006601202,2.74853916822797
