subject,nll,bic,model,alpha,alpha_gen,beta,beta_gen
3-pt,182.7032401663617,376.23868113713223,eu,0.41963254770186026,0.2772136937271848,5.279585330265012,50.0
