subject,nll,bic,model,alpha,alpha_gen,beta,beta_gen
1-gaze-baseline-stat,240.0348598521224,490.90192050865363,eu,0.6213631929734834,,0.4127488940331794,8.895561780994154
