subject,nll,bic,model,alpha,alpha_gen,beta,beta_gen
27-gaze-baseline-dyn,240.1552783501536,491.14275750471603,eu,0.2404858574534453,,1.775318680656383,0.9965818057275536
