subject,nll,bic,model,alpha,alpha_gen,beta,beta_gen
5-pt,174.36735978962548,359.5669203836598,eu,0.15852525632244277,0.1750321945665096,20.310747123604497,17.14475078817873
