subject,nll,bic,model,alpha,alpha_gen,beta,beta_gen
4-glickman1layer,215.91431138474127,442.6608235738914,eu,0.42464083152784743,0.3789813154036419,2.4903533427608395,0.8534018676604991
