subject,nll,bic,model,alpha,alpha_gen,beta,beta_gen
2-eu,131.37129501228668,273.5747908289822,eu,0.14737999240896074,0.1462976355434158,26.95032894817899,29.88974349607064
