subject,nll,bic,model,alpha,alpha_gen,beta,beta_gen
21-pt,192.54963687513788,395.9314745546846,eu,0.8892254629613092,0.4614001526363385,0.8569535525059875,15.42804920659817
