subject,nll,bic,model,alpha,alpha_gen,beta,beta_gen
9-eu,170.65772299318812,352.1476467907851,eu,0.28984548859767256,0.2621882115973978,11.091374892013318,14.000493906638829
