subject,nll,bic,model,alpha,alpha_gen,beta,beta_gen
13-pt,197.95567783933387,406.7435564830766,eu,0.7821088110633947,0.7880774048122124,2.553055249773244,3.37435060358351
