subject,nll,bic,model,alpha,alpha_gen,beta,beta_gen
14-eu,226.9136237977862,464.6594483999812,eu,0.9314626440976638,0.873709833052336,0.6255702404210631,0.5680517862063825
