subject,nll,bic,model,alpha,alpha_gen,beta,beta_gen
7-pt,157.0288955898772,324.88999198416326,eu,1.032251794429474,0.8148753056489892,1.5397761282740705,3.4572620281730004
