subject,nll,bic,model,alpha,alpha_gen,beta,beta_gen
41-pt,220.3729445209834,451.4964458573351,eu,0.5874806401418021,0.7008333530517562,1.1469959084793468,0.7430014959974113
