subject,nll,bic,model,alpha,alpha_gen,beta,beta_gen
31-gaze-baseline-stat,245.14522502664224,501.1226508576933,eu,0.0,,1.2437435780429862,6.992874960679613
