subject,nll,bic,model,alpha,alpha_gen,beta,beta_gen
36-glickman1layer,152.83850600875672,316.5092128219223,eu,0.14617478979626092,0.1457890570567557,27.4225769622761,19.45233598660902
