subject,nll,bic,model,alpha,alpha_gen,beta,beta_gen
4-gaze-baseline-stat,245.1167739306273,501.0657486656634,eu,0.4934937291607519,,0.4328567376891125,4.796546893528863
