subject,nll,bic,model,alpha,alpha_gen,beta,beta_gen
11-pt,153.30835664556548,317.4489140955398,eu,0.28466717467315905,0.2827417161335148,11.026957213391007,10.752997283714455
