subject,nll,bic,model,alpha,alpha_gen,beta,beta_gen
24-gaze-baseline-stat,247.17539787623815,505.18299655688514,eu,0.0,,0.09351802849676279,7.094983856955301
