subject,nll,bic,model,alpha,alpha_gen,beta,beta_gen
38-eu,177.72625903560174,366.2847188756123,eu,1.055520855419573,1.0479232304694648,1.5444168495522752,1.428735775356979
