subject,nll,bic,model,alpha,alpha_gen,beta,beta_gen
26-mdft,133.13261142217706,277.09742364876297,eu,0.32166185858159335,,12.51390062018739,
