subject,nll,bic,model,alpha,alpha_gen,beta,beta_gen
7-gaze-baseline-dyn,237.53099130576356,485.89418341593597,eu,1.2412646981239839,,0.13531309934268565,0.6740448251009643
