subject,nll,bic,model,alpha,alpha_gen,beta,beta_gen
17-gaze-baseline-dyn,241.29622355164025,493.42464790768935,eu,0.6194451044918204,,0.6099094625427384,0.9360759628792892
