subject,nll,bic,model,alpha,alpha_gen,beta,beta_gen
10-mdft,245.71986270170652,502.2719262078219,eu,0.07915336849914557,,1.0361120029324087,
