subject,nll,bic,model,alpha,alpha_gen,beta,beta_gen
10-pt,176.05272503411877,362.9376508726464,eu,0.05101423416633856,0.0585176413513436,14.288277581886135,15.637056112012392
