subject,nll,bic,model,alpha,alpha_gen,beta,beta_gen
27-pt,162.80588814962832,336.4439771036655,eu,0.2549508828429981,0.2405829656107566,13.450277830748522,12.95865250408305
