subject,nll,bic,model,alpha,alpha_gen,beta,beta_gen
1-mdft,161.09744894404025,333.02709869248935,eu,0.459408684668841,,3.9852073557850813,
