subject,nll,bic,model,alpha,alpha_gen,beta,beta_gen
8-eu,183.34511523047394,377.5224312653567,eu,0.17322166429572594,0.164932914913272,14.117026730739425,19.145785378750883
