subject,nll,bic,model,alpha,alpha_gen,beta,beta_gen
16-gaze-baseline-dyn,208.12995443055223,427.0921096655133,eu,1.055700116967454,,0.7081227466139006,2.0801354349738763
