subject,nll,bic,model,alpha,alpha_gen,beta,beta_gen
31-gaze-baseline-dyn,172.93073338815034,356.69366758070953,eu,0.0,,11.598485018594658,3.1569753995395664
