subject,nll,bic,model,alpha,alpha_gen,beta,beta_gen
30-mdft,129.4541529880312,269.74050678047126,eu,0.32535632847686924,,18.184689048511068,
