subject,nll,bic,model,alpha,alpha_gen,beta,beta_gen
23-gaze-baseline-dyn,231.78680181434476,474.40580443309835,eu,1.1539812379539152,,0.26297453752170863,0.9677566666585444
