subject,nll,bic,model,alpha,alpha_gen,beta,beta_gen
24-glickman1layer,155.14405135751588,321.1203035194406,eu,0.2829070334226393,0.2550397829055718,15.22479259544553,7.302719155931584
