subject,nll,bic,model,alpha,alpha_gen,beta,beta_gen
19-gaze-baseline-dyn,244.47787839656388,499.7879575975366,eu,0.78812819230313,,0.2676417968526292,0.937204317818266
