subject,nll,bic,model,alpha,alpha_gen,beta,beta_gen
17-pt,188.57644751588865,387.98509583618613,eu,0.5424157024902261,0.3709357123194476,3.0941096175013794,11.84493420641816
