subject,nll,bic,model,alpha,alpha_gen,beta,beta_gen
17-glickman1layer,189.85960749605678,390.5514157965224,eu,0.4366197706139062,0.3769509084726787,4.557886655815246,2.060751980793312
