subject,nll,bic,model,alpha,alpha_gen,beta,beta_gen
33-gaze-baseline-dyn,246.51219870389485,503.85659821219855,eu,0.5626496112492695,,0.3301914154401971,0.8763752313685167
