subject,nll,bic,model,alpha,alpha_gen,beta,beta_gen
41-mdft,223.53600977284884,457.822576361066,eu,0.6398274421049154,,0.8241605133879261,
