subject,nll,bic,model,alpha,alpha_gen,beta,beta_gen
22-gaze-baseline-stat,244.72742509002643,500.2870509844617,eu,0.0,,1.3676877513417018,5.309033715327397
