subject,nll,bic,model,alpha,alpha_gen,beta,beta_gen
43-glickman1layer,224.21649264152197,459.2651860874528,eu,1.0660029683047523,1.1067711725798433,0.6617027210068935,0.133051842736483
