subject,nll,bic,model,alpha,alpha_gen,beta,beta_gen
39-mdft,193.6348926049926,398.101986014394,eu,1.4572690487933295,,0.15574749455960468,
