subject,nll,bic,model,alpha,alpha_gen,beta,beta_gen
8-mdft,157.9081634972702,326.64852779894926,eu,0.13775245819787785,,19.570805957353286,
