subject,nll,bic,model,alpha,alpha_gen,beta,beta_gen
15-eu,192.47450365598127,395.7812081163714,eu,0.23808807430875525,0.2453352784162489,9.983711206989764,8.500983274219447
