subject,nll,bic,model,alpha,alpha_gen,beta,beta_gen
42-gaze-baseline-dyn,240.85691037886227,492.5460215621334,eu,1.0483757579599353,,0.22020063423500974,1.566090972148022
