subject,nll,bic,model,alpha,alpha_gen,beta,beta_gen
39-gaze-baseline-stat,242.56521980424574,495.9626404129003,eu,2.613153155750619,,0.0002978480676192619,5.283236553417951
