subject,nll,bic,model,alpha,alpha_gen,beta,beta_gen
0-pt,226.43388342244438,463.6999676492976,eu,0.6320339992639228,0.7694423100368518,1.2462661326615756,0.8282409557904871
