subject,nll,bic,model,alpha,alpha_gen,beta,beta_gen
23-glickman1layer,170.2510411266777,351.33428305776425,eu,1.1033611043396592,1.2532690660958357,0.9422019299195927,0.089638824070134
