subject,nll,bic,model,alpha,alpha_gen,beta,beta_gen
7-eu,173.89045030891626,358.61310142224136,eu,1.0669563953017664,1.0843453800556602,1.0678938094433044,0.9974613197912648
