subject,nll,bic,model,alpha,alpha_gen,beta,beta_gen
43-gaze-baseline-stat,246.69101787137123,504.2142365471513,eu,1.4118997288059856,,0.016193195994997845,5.446606038668586
