subject,nll,bic,model,alpha,alpha_gen,beta,beta_gen
4-mdft,210.13852935464678,431.1092595137024,eu,0.2975232254294148,,5.017592883875181,
