subject,nll,bic,model,alpha,alpha_gen,beta,beta_gen
24-mdft,165.22358058764837,341.2793619797056,eu,0.2559731091412591,,13.642115155631416,
