subject,nll,bic,model,alpha,alpha_gen,beta,beta_gen
5-gaze-baseline-stat,244.6797353539862,500.1916715123812,eu,0.40409585172343143,,0.5160397525749786,3.929126611244735
