subject,nll,bic,model,alpha,alpha_gen,beta,beta_gen
19-gaze-baseline-stat,242.37883656926527,495.5898739429394,eu,1.2213885568183735,,0.05803906929232047,7.783433100009985
