subject,nll,bic,model,alpha,alpha_gen,beta,beta_gen
20-gaze-baseline-stat,242.77342984886013,496.3790605021291,eu,0.03624133066590708,,1.7716642258008244,4.143555287347708
