subject,nll,bic,model,alpha,alpha_gen,beta,beta_gen
41-gaze-baseline-dyn,227.95235704275944,466.6552709008872,eu,0.5587067727009835,,0.9289320386485038,1.2136785650096904
