subject,nll,bic,model,alpha,alpha_gen,beta,beta_gen
11-eu,164.85115814356732,340.5345170915435,eu,0.2624966181203245,0.2827413568558333,10.532619125842777,10.753013320728677
