subject,nll,bic,model,alpha,alpha_gen,beta,beta_gen
20-mdft,114.03670764576809,238.90561609594502,eu,0.24504196149314064,,26.410728080088717,
