subject,nll,bic,model,alpha,alpha_gen,beta,beta_gen
37-glickman1layer,207.83705711533662,426.5063150350821,eu,0.5209632490538825,0.3474245791232702,3.660027277576947,5.080639756677683
