subject,nll,bic,model,alpha,alpha_gen,beta,beta_gen
13-gaze-baseline-dyn,208.68501288489492,428.2022265741987,eu,0.8421227149531236,,1.9032188278576716,1.1507883760458113
