subject,nll,bic,model,alpha,alpha_gen,beta,beta_gen
31-eu,67.83297668548701,146.49815417538287,eu,0.05486145509491531,0.0521790107434067,49.976526762677395,49.944977950781926
