subject,nll,bic,model,alpha,alpha_gen,beta,beta_gen
33-eu,182.13681554737937,375.1058318991676,eu,0.5617169368702707,0.5733197961247086,5.3352079424975045,4.968995843022225
