subject,nll,bic,model,alpha,alpha_gen,beta,beta_gen
35-mdft,189.21147368637594,389.2551481771607,eu,0.2323008749405825,,9.999566228253789,
