subject,nll,bic,model,alpha,alpha_gen,beta,beta_gen
21-mdft,179.00899386078748,368.8501885259838,eu,0.6800336819193755,,2.3187280480987944,
