subject,nll,bic,model,alpha,alpha_gen,beta,beta_gen
43-eu,211.61525735686536,434.06271551813956,eu,1.1883518198759124,1.0669044555028406,0.4617178984411203,0.7150495757864478
