subject,nll,bic,model,alpha,alpha_gen,beta,beta_gen
10-gaze-baseline-stat,238.96671879502878,488.7656383944664,eu,0.0,,2.5761717353330456,5.904793452182461
