subject,nll,bic,model,alpha,alpha_gen,beta,beta_gen
15-pt,198.43583058110568,407.7038619666202,eu,0.26388623173759923,0.2453356588902738,7.317695974325577,8.501004908117357
