subject,nll,bic,model,alpha,alpha_gen,beta,beta_gen
32-mdft,146.8830355048725,304.59827181415386,eu,1.684224885498069,,0.1324538766124216,
