subject,nll,bic,model,alpha,alpha_gen,beta,beta_gen
13-eu,178.02562471162747,366.8834502276638,eu,0.8397844846037738,0.8317184464564858,2.862268923969739,2.7298540109079523
