subject,nll,bic,model,alpha,alpha_gen,beta,beta_gen
18-mdft,134.61486761004295,280.06193602449474,eu,0.46929322664148004,,11.316388010017388,
