subject,nll,bic,model,alpha,alpha_gen,beta,beta_gen
19-glickman1layer,218.56001618238832,447.9522331691855,eu,0.9776338451748451,0.5238414187808326,0.43997316432873756,1.2965321574135735
