subject,nll,bic,model,alpha,alpha_gen,beta,beta_gen
24-eu,144.92853603141526,300.68927286723937,eu,0.2708301119479576,0.2664344620845438,17.621784463587957,17.16138928032812
