subject,nll,bic,model,alpha,alpha_gen,beta,beta_gen
34-gaze-baseline-stat,244.3942193859869,499.62063957638264,eu,0.7282935062822584,,0.27928213015449094,5.621322290512603
