subject,nll,bic,model,alpha,alpha_gen,beta,beta_gen
16-gaze-baseline-stat,240.57140041173375,491.97500162787634,eu,1.19697275727455,,0.13584726990470494,4.998760426100443
