subject,nll,bic,model,alpha,alpha_gen,beta,beta_gen
27-eu,171.48091429672402,353.7940293978569,eu,0.2553216963808118,0.2405830085518957,11.873486061582465,12.958706197217346
