subject,nll,bic,model,alpha,alpha_gen,beta,beta_gen
1-glickman1layer,168.97081527964204,348.7738313636929,eu,0.3953309442529741,0.4118769634464562,4.900461161701491,0.7058246706746203
