subject,nll,bic,model,alpha,alpha_gen,beta,beta_gen
9-gaze-baseline-stat,241.6044261213006,494.04105304701005,eu,0.4481875389645359,,0.9018440592797718,9.873668723940826
