subject,nll,bic,model,alpha,alpha_gen,beta,beta_gen
7-glickman1layer,171.26368798890235,353.35957678221354,eu,1.0682837513775902,0.6922286485971777,1.0908940825996987,1.0183563597219791
