subject,nll,bic,model,alpha,alpha_gen,beta,beta_gen
30-gaze-baseline-stat,247.18708995133713,505.2063807070831,eu,0.486775113293387,,0.0,2.7015870365031667
