subject,nll,bic,model,alpha,alpha_gen,beta,beta_gen
5-gaze-baseline-dyn,219.59330241750462,450.0188056394181,eu,0.19693944744743339,,5.221062225235458,2.4444125383921813
