subject,nll,bic,model,alpha,alpha_gen,beta,beta_gen
36-mdft,225.76653616125714,462.3652731269231,eu,0.20205227781282092,,3.775278245537359,
