subject,nll,bic,model,alpha,alpha_gen,beta,beta_gen
17-eu,210.70652503259578,432.2452508696004,eu,0.45017461377815277,0.4657626089636168,3.0591782916903605,4.000443846454459
