subject,nll,bic,model,alpha,alpha_gen,beta,beta_gen
42-mdft,226.20139151128802,463.2349838269849,eu,0.9138928142332788,,0.7286242690091596,
