subject,nll,bic,model,alpha,alpha_gen,beta,beta_gen
14-glickman1layer,236.15895382769395,483.15010845979674,eu,0.8622162066544747,0.3923216318624863,0.5852628412640416,5.1993878204852
