subject,nll,bic,model,alpha,alpha_gen,beta,beta_gen
26-eu,177.98450709894598,366.8012150023008,eu,0.3446639754312297,0.3293053422775512,6.327110327995454,6.560475781999901
