subject,nll,bic,model,alpha,alpha_gen,beta,beta_gen
22-glickman1layer,207.84924423983497,426.5306892840788,eu,0.20132861853803657,0.1900791252000612,7.470396880853253,2.9852597871596576
