subject,nll,bic,model,alpha,alpha_gen,beta,beta_gen
8-gaze-baseline-stat,246.43106737523988,503.6943355548886,eu,0.3344701932229605,,0.438159899000131,4.149588353871193
