subject,nll,bic,model,alpha,alpha_gen,beta,beta_gen
34-pt,165.33700065805084,341.5062021205105,eu,0.6178724567039476,0.6419170050299631,3.2209738667508976,2.7770622785536223
