subject,nll,bic,model,alpha,alpha_gen,beta,beta_gen
13-mdft,185.70797669105576,382.24815418652037,eu,0.8789166328485469,,2.388987098349792,
