subject,nll,bic,model,alpha,alpha_gen,beta,beta_gen
21-eu,196.46912851095217,403.7704578263132,eu,0.8020559273324681,0.8256959985765472,1.1497423586418245,1.2134934594335964
