subject,nll,bic,model,alpha,alpha_gen,beta,beta_gen
35-glickman1layer,197.47639107814834,405.7849829607055,eu,0.28211007237448105,0.2496340842610359,7.31407192167042,1.334813422199706
