subject,nll,bic,model,alpha,alpha_gen,beta,beta_gen
34-glickman1layer,181.74930829153345,374.33081738747575,eu,0.6494949843295449,0.5913620030924283,2.329463929087761,1.1650110875492383
