subject,nll,bic,model,alpha,alpha_gen,beta,beta_gen
31-glickman1layer,55.69188479338985,122.21597039118855,eu,0.050565185827589565,0.0492193160276106,50.0,31.648695601214893
