subject,nll,bic,model,alpha,alpha_gen,beta,beta_gen
43-pt,218.6465875228609,448.12537585013064,eu,1.0332508892120933,1.0669027217329816,0.8840048683311602,0.7150605320646904
