subject,nll,bic,model,alpha,alpha_gen,beta,beta_gen
22-eu,210.2105625885031,431.25332598141506,eu,0.21622950786011466,0.2109987815600436,6.838677578136481,8.31490598560876
