subject,nll,bic,model,alpha,alpha_gen,beta,beta_gen
14-gaze-baseline-stat,246.42452929096183,503.6812593863325,eu,1.69954351727984,,0.004681639492973411,4.839539285554218
