subject,nll,bic,model,alpha,alpha_gen,beta,beta_gen
30-gaze-baseline-dyn,244.44959397421084,499.7313887528305,eu,0.42705716517317815,,0.7908877961977224,0.6508806205587653
