subject,nll,bic,model,alpha,alpha_gen,beta,beta_gen
37-gaze-baseline-dyn,236.3166115244656,483.46542385334004,eu,0.6820293780397261,,0.9969818967272008,1.2455861496045533
