subject,nll,bic,model,alpha,alpha_gen,beta,beta_gen
14-pt,238.98098764374396,488.79417609189676,eu,0.7886011785639377,0.4397550624252631,0.6486179089292542,12.555762869232613
