subject,nll,bic,model,alpha,alpha_gen,beta,beta_gen
38-mdft,203.48374569623002,417.7996921968689,eu,0.9881265926262699,,1.5305214114586378,
