subject,nll,bic,model,alpha,alpha_gen,beta,beta_gen
1-gaze-baseline-dyn,238.6031750827321,488.03855096987303,eu,0.3491969131183415,,1.3461765160738581,0.7684205702762748
