subject,nll,bic,model,alpha,alpha_gen,beta,beta_gen
34-eu,159.40789346426237,329.6479877329336,eu,0.7106297982027378,0.644869385973893,2.3791468556103506,2.7343117443582257
