subject,nll,bic,model,alpha,alpha_gen,beta,beta_gen
39-eu,188.4904822978091,387.81316540002706,eu,1.4512748725701718,1.6216648021572326,0.17256717332098845,0.0991684207165965
