subject,nll,bic,model,alpha,alpha_gen,beta,beta_gen
0-eu,232.74200765546306,476.31621611533495,eu,0.6384026729104281,0.8438023626474559,0.9942873183101731,0.5912193573663221
