subject,nll,bic,model,alpha,alpha_gen,beta,beta_gen
10-eu,174.38644853737094,359.6050978791507,eu,0.06538231100481973,0.0585166580523426,16.185481058021185,15.636891988538746
