subject,nll,bic,model,alpha,alpha_gen,beta,beta_gen
15-gaze-baseline-dyn,237.12912180073266,485.09044440587417,eu,0.37071060270073186,,1.4098991145706719,1.2981952621179538
