subject,nll,bic,model,alpha,alpha_gen,beta,beta_gen
2-gaze-baseline-stat,242.98503015008163,496.8022611045721,eu,0.0,,1.8029181235321896,5.8146260363952535
