subject,nll,bic,model,alpha,alpha_gen,beta,beta_gen
12-mdft,139.5135732981532,289.85934740071525,eu,0.28496036148052817,,19.092895160969984,
