subject,nll,bic,model,alpha,alpha_gen,beta,beta_gen
32-gaze-baseline-dyn,247.18708995133713,505.2063807070831,eu,0.006048182869789854,,0.0,0.3394967153862513
