subject,nll,bic,model,alpha,alpha_gen,beta,beta_gen
26-gaze-baseline-dyn,192.77533624901392,396.3828733024367,eu,0.3322723016457553,,5.3290245720331075,2.692923499682729
