subject,nll,bic,model,alpha,alpha_gen,beta,beta_gen
23-eu,161.70761852325296,334.24743785091476,eu,1.0980851488858718,1.1391821563299944,1.0604800468426334,0.8797087920141552
