subject,nll,bic,model,alpha,alpha_gen,beta,beta_gen
24-gaze-baseline-dyn,239.39386799129517,489.6199367869992,eu,0.2208057964382504,,1.9363763694214944,1.5162564670912744
