subject,nll,bic,model,alpha,alpha_gen,beta,beta_gen
8-gaze-baseline-dyn,242.0652520793708,494.96270496315043,eu,0.1764472670882278,,1.715815545959378,1.2319964964222891
