subject,nll,bic,model,alpha,alpha_gen,beta,beta_gen
0-mdft,217.15518088093336,445.14256256627556,eu,0.6531706808537929,,1.4360644294909777,
