subject,nll,bic,model,alpha,alpha_gen,beta,beta_gen
22-gaze-baseline-dyn,238.6846616019531,488.20152400831506,eu,0.2432591972655984,,2.0523726680065204,1.2829496689911997
