subject,nll,bic,model,alpha,alpha_gen,beta,beta_gen
15-gaze-baseline-stat,243.02500772516635,496.88221625474154,eu,0.3334223553610134,,1.0229952699376503,5.839472097006648
