subject,nll,bic,model,alpha,alpha_gen,beta,beta_gen
12-gaze-baseline-stat,242.8018982652983,496.4359973350054,eu,0.5450498683420275,,0.7231742977546146,5.11531961975141
