subject,nll,bic,model,alpha,alpha_gen,beta,beta_gen
18-gaze-baseline-dyn,217.63026022525455,446.09272125491793,eu,0.45950779605900394,,3.113060644640893,0.7912501265320757
