subject,nll,bic,model,alpha,alpha_gen,beta,beta_gen
30-pt,138.47627617269669,287.7847531498022,eu,0.3112829618763802,0.3129019424431061,16.872689949870797,20.732720199869952
