subject,nll,bic,model,alpha,alpha_gen,beta,beta_gen
2-pt,117.87971372255453,246.5916282495179,eu,0.1504442945233928,0.1463077306997271,31.939291466661334,30.00289283889281
