subject,nll,bic,model,alpha,alpha_gen,beta,beta_gen
33-glickman1layer,193.870397757425,398.57299631925883,eu,0.5931107406413713,0.4714570894850358,4.158836656708191,2.2702746106833245
