subject,nll,bic,model,alpha,alpha_gen,beta,beta_gen
37-eu,225.68639734524288,462.2049954948946,eu,0.5020211772205534,0.5085543802819348,2.4351498030476177,3.4183546967688434
