subject,nll,bic,model,alpha,alpha_gen,beta,beta_gen
21-gaze-baseline-dyn,200.74268091563158,412.317562635672,eu,0.9421481358285307,,0.6117877599228716,2.5934627854867016
