subject,nll,bic,model,alpha,alpha_gen,beta,beta_gen
27-gaze-baseline-stat,246.63293014733915,504.09806109908715,eu,0.025605283794602165,,0.6237034595391416,4.850291731275704
