subject,nll,bic,model,alpha,alpha_gen,beta,beta_gen
13-glickman1layer,188.125833511433,387.08386782727484,eu,0.854560887583593,0.7004886875643386,2.460103806100452,0.4554566492183077
