subject,nll,bic,model,alpha,alpha_gen,beta,beta_gen
21-gaze-baseline-stat,242.75018323937616,496.33256728316115,eu,0.880491100108669,,0.20849859196561255,8.345069234881178
