subject,nll,bic,model,alpha,alpha_gen,beta,beta_gen
39-glickman1layer,192.12620033244178,395.0846014692924,eu,1.5403640073037776,1.67354372316693,0.11430063734976406,0.040973002709414
