subject,nll,bic,model,alpha,alpha_gen,beta,beta_gen
33-pt,185.89566772647535,382.62353625735955,eu,0.5689117805736625,0.5035245640680424,4.968014240160411,9.176392301461494
