subject,nll,bic,model,alpha,alpha_gen,beta,beta_gen
16-eu,173.91108453825598,358.6543698809208,eu,1.052740596278789,1.0467241756294778,1.1181092263976038,1.1991017818469196
