subject,nll,bic,model,alpha,alpha_gen,beta,beta_gen
5-eu,179.32228321963527,369.4767672436794,eu,0.15670239778327572,0.1751013179016467,18.349844030773426,17.081780107225107
