subject,nll,bic,model,alpha,alpha_gen,beta,beta_gen
3-mdft,209.37366169302192,429.5795241904527,eu,0.5344831407152534,,2.2745892990968883,
