subject,nll,bic,model,alpha,alpha_gen,beta,beta_gen
42-gaze-baseline-stat,243.7737108866312,498.3796225776712,eu,0.5446096744364314,,0.7617917978448868,5.403144122628858
