subject,nll,bic,model,alpha,alpha_gen,beta,beta_gen
39-pt,181.15894694433968,373.1500946930882,eu,1.6464337394857904,1.6216659478797095,0.09027771276051365,0.0991679376206114
