subject,nll,bic,model,alpha,alpha_gen,beta,beta_gen
42-pt,221.32614159686642,453.4844839981417,eu,0.9683970905540304,0.5776994748996027,0.6633938745721009,4.053178545048437
