subject,nll,bic,model,alpha,alpha_gen,beta,beta_gen
11-mdft,150.75491287621867,312.3420265568462,eu,0.2695032771191193,,12.302435566791534,
