subject,nll,bic,model,alpha,alpha_gen,beta,beta_gen
22-pt,206.53857063350029,423.9093420714094,eu,0.19422825475491284,0.2109992300346638,7.77174574114607,8.314900145040697
