subject,nll,bic,model,alpha,alpha_gen,beta,beta_gen
32-pt,174.67790028935866,360.18800138312616,eu,1.1454735647714356,1.1712148922215586,0.8581255364358539,0.8824016537352948
