subject,nll,bic,model,alpha,alpha_gen,beta,beta_gen
39-gaze-baseline-dyn,243.5804773912107,497.99315558683026,eu,1.6193385495746149,,0.015440865435447218,1.065235901843076
