subject,nll,bic,model,alpha,alpha_gen,beta,beta_gen
30-glickman1layer,124.50107719292974,259.8343551902683,eu,0.31769332819099005,0.3071682891792816,19.616696649771885,12.170906014287672
