subject,nll,bic,model,alpha,alpha_gen,beta,beta_gen
36-pt,158.15638349589983,327.1449677962085,eu,0.15017741278197783,0.1470836518615449,24.934923822213225,27.64898120590922
