subject,nll,bic,model,alpha,alpha_gen,beta,beta_gen
6-glickman1layer,111.28665058949062,233.38764472190147,eu,1.0257700890110775,0.892776738152458,2.4548757209643255,2.0783188193875426
