subject,nll,bic,model,alpha,alpha_gen,beta,beta_gen
3-gaze-baseline-dyn,220.14963364401024,451.1314680924293,eu,0.39339478651639104,,2.8748406576043575,1.5840047707164235
