subject,nll,bic,model,alpha,alpha_gen,beta,beta_gen
37-gaze-baseline-stat,244.97346965480523,500.7791401140193,eu,0.6552449014006645,,0.4681554059781724,6.620788947761238
