subject,nll,bic,model,alpha,alpha_gen,beta,beta_gen
30-eu,127.32546826797778,265.4831373403644,eu,0.3148632128850737,0.3129017866095324,19.105377706928167,20.73271651109641
