subject,nll,bic,model,alpha,alpha_gen,beta,beta_gen
33-mdft,172.83073850474477,356.4936778138984,eu,0.5466598481119738,,6.292459947025227,
