subject,nll,bic,model,alpha,alpha_gen,beta,beta_gen
21-glickman1layer,187.21177270628206,385.25574621697297,eu,0.8991819979873006,0.4390772739162816,0.8844953948988552,10.095628845207218
