subject,nll,bic,model,alpha,alpha_gen,beta,beta_gen
31-mdft,71.18545804773244,153.20311689987372,eu,0.03965161167774032,,43.65355231528858,
