subject,nll,bic,model,alpha,alpha_gen,beta,beta_gen
10-gaze-baseline-dyn,243.42319659472628,497.6785939938614,eu,0.0,,1.7025829134783974,1.4342571464305418
