subject,nll,bic,model,alpha,alpha_gen,beta,beta_gen
0-gaze-baseline-dyn,233.82644435530256,478.48508951501395,eu,0.9552970724010935,,0.2861431326562403,2.1575953963278645
