subject,nll,bic,model,alpha,alpha_gen,beta,beta_gen
3-glickman1layer,190.01947888781487,390.8711585800386,eu,0.4202724618299974,0.2779801853618507,4.7125002755352075,26.315987723870453
