subject,nll,bic,model,alpha,alpha_gen,beta,beta_gen
15-mdft,195.15086914009203,401.1339390845929,eu,0.24548724703710356,,8.948662857445429,
