subject,nll,bic,model,alpha,alpha_gen,beta,beta_gen
32-eu,164.26347220637854,339.3591452171659,eu,1.1734696644342217,1.1712145587822285,0.840026117444572,0.8824029077691374
