,dwell_A,dwell_A,dwell_A,dwell_A,dwell_B,dwell_B,dwell_B,dwell_B,dwell_C,dwell_C,dwell_C,dwell_C,dwell_p,dwell_p,dwell_p,dwell_p,dwell_m,dwell_m,dwell_m,dwell_m,dwell_target,dwell_target,dwell_target,dwell_target,dwell_competitor,dwell_competitor,dwell_competitor,dwell_competitor,dwell_decoy,dwell_decoy,dwell_decoy,dwell_decoy
,mean,std,min,max,mean,std,min,max,mean,std,min,max,mean,std,min,max,mean,std,min,max,mean,std,min,max,mean,std,min,max,mean,std,min,max
effect,,,,,,,,,,,,,,,,,,,,,,,,,,,,,,,,
attraction,0.3442573439171287,0.03055119179871134,0.25007686419970127,0.39408902599356693,0.36309038733595544,0.026897543418001404,0.29095554508111776,0.42577865632423656,0.29265226874691586,0.027622796169729853,0.21527270574679758,0.34981680218915345,0.4981029348017862,0.0186729381037896,0.45999718331199674,0.5323879560478079,0.501897065198214,0.018672938103789578,0.4676120439521921,0.5400028166880032,0.36156790669236666,0.019198294335952108,0.3348975888519481,0.42333879832426896,0.3457798245607173,0.0241093918721882,0.2885744636327436,0.3990621400302927,0.29265226874691586,0.027622796169729853,0.21527270574679758,0.34981680218915345
compromise,0.33283141400974114,0.026677017944975998,0.25688331010815374,0.3770371461067327,0.35369352420329025,0.024840091583117924,0.3034901177148763,0.4193112996307721,0.31347506178696843,0.028009640323548208,0.2462689555342796,0.37151947141436964,0.4960123557786244,0.029478558157927305,0.442494873649125,0.5554166038977391,0.5039876442213755,0.02947855815792734,0.44458339610226094,0.557505126350875,0.3543433257625984,0.01897250276412963,0.305261556668259,0.39098552445436074,0.33218161245043326,0.018266748634822343,0.30128304322713473,0.38283834564000396,0.31347506178696843,0.028009640323548208,0.2462689555342796,0.37151947141436964
