effect,mean,std,min,max
attraction,0.10057915375262075,0.1625945605203013,-0.19466257265696116,0.43625440787083836
compromise,0.13857084082170693,0.17949292376227896,-0.2092295346090412,0.4619571808186215
