,subject,nll,bic,model,w_p,theta,phi,beta
26,26,187.10628682619006,395.8769752611978,sb_int-additive_comp-vsmean_gbatt-false_gbalt-true_lk-none_inh-gaze-dependent,0.7164099259439365,0.5140521953907767,0.0,0.6686060643776287
