,subject,nll,bic,model,w_p,theta,phi,beta
10,10,166.43260833685503,354.52961828252774,sb_int-additive_comp-vsmean_gbatt-false_gbalt-true_lk-none_inh-gaze-dependent,0.9598796536166906,0.5846408884268277,0.0,1.8177806241916719
