,subject,nll,bic,model,w_p,theta,lam,phi,beta
17,17,123.46397780152958,274.00845761408124,sb_int-additive_comp-absolute_gbatt-false_gbalt-true_lk-free_inh-gaze-dependent,0.6702710408551888,0.6189670442519861,0.8664267580788619,0.0,7.352832247566619
