,subject,nll,bic,model,w_p,beta
32,32,209.72425998769995,430.28072077980875,sb_int-additive_comp-vsmean_gbatt-false_gbalt-false_lk-none_inh-none,0.32404945694193105,0.3974865559892112
