,subject,nll,bic,model,w_p,beta
23,23,185.27860962120656,381.38942004682195,sb_int-additive_comp-vsmean_gbatt-false_gbalt-false_lk-none_inh-none,0.43014035450081195,1.1150483902511321
