,subject,nll,bic,model,alpha,gamma,phi,wd,w_p,beta
17,17,244.36897419898355,521.2345508111936,sb_int-multiplicative_comp-absolute_gbatt-false_gbalt-false_lk-none_inh-distance-dependent,0.275446669954645,0.47725683205172825,0.0019005530948795197,48.82366088489472,0.02051654009474338,3.2758459818239516e-06
