,subject,nll,bic,model,alpha,gamma,lam,phi,wd,w_p,beta
12,12,165.49117828490057,368.89505938523206,sb_int-multiplicative_comp-absolute_gbatt-false_gbalt-false_lk-free_inh-distance-dependent,0.2898609415935977,1.0,0.27328297699347986,4.5077134666430556e-05,48.81492218188466,0.09826965123670141,9.80788733328716
