,subject,nll,bic,model,alpha,beta
21,21,185.33277287172223,381.4977465478533,eu,0.8256959985765472,1.2134934594335964
