,subject,nll,bic,model,alpha,beta
41,41,219.2653738523444,449.2813045200571,eu,0.7008334620519882,0.7430012248854967
