,subject,nll,bic,model,alpha,beta
15,15,197.49667553626568,405.8255518769402,eu,0.2453352784162489,8.500983274219447
