,subject,nll,bic,model,alpha,beta
4,4,213.1255725693122,437.08334594303324,eu,0.3935879183003801,3.026503176054454
