,subject,nll,bic,model,alpha,beta
43,43,220.77397403149646,452.3801488674018,eu,1.0669044555028406,0.7150495757864478
