,subject,nll,bic,model,alpha,beta
14,14,235.88498717641002,482.6021751572289,eu,0.873709833052336,0.5680517862063825
