,subject,nll,bic,model,alpha,beta
30,30,120.66630053320814,252.16480187082513,eu,0.31290178660953244,20.732716511096406
