,subject,nll,bic,model,alpha,beta
11,11,155.9310264457976,322.69425369600407,eu,0.2827413568558333,10.753013320728677
