,subject,nll,bic,model,alpha,beta
8,8,164.33292037771554,339.4980415598399,eu,0.16493291491327206,19.145785378750883
