,subject,nll,bic,model,alpha,beta
18,18,131.57189326490737,273.9759873342236,eu,0.45949402663653804,12.193105093669987
