,subject,nll,bic,model,alpha,beta
5,5,179.9504595880676,370.733119980544,eu,0.1751013179016467,17.081780107225107
