,subject,nll,bic,model,alpha,beta
19,19,215.95368489367996,442.73957059176877,eu,0.9379717005538727,0.5516483175253851
