,subject,nll,bic,model,alpha,beta
26,26,180.35166802377606,371.53553685196096,eu,0.3293053422775512,6.560475781999901
