,subject,nll,bic,model,alpha,beta
20,20,110.37960076109191,231.59140232659266,eu,0.24307053395244488,27.497345129461767
