,subject,nll,bic,model,alpha,beta
10,10,173.91475386145487,358.6617085273186,eu,0.05851665805234266,15.636891988538746
