,subject,nll,bic,model,alpha,beta
16,16,170.39231371615534,351.6168282367195,eu,1.0467241756294778,1.1991017818469196
