,subject,nll,bic,model,alpha,beta
24,24,147.36459287643544,305.5613865572797,eu,0.2664344620845438,17.16138928032812
