,subject,nll,bic,model,alpha,beta
42,42,233.72975763822274,478.2917160808543,eu,0.9789161580894135,0.4392965690522843
