,subject,nll,bic,model,alpha,beta
1,1,161.48854470247235,333.80929020935355,eu,0.40222268210432016,5.220320524130496
