,subject,nll,bic,model,alpha,beta
13,13,183.83093095608575,378.49406271658034,eu,0.8317184464564858,2.7298540109079523
