,subject,nll,bic,model,alpha,beta
34,34,169.89958036819223,350.6313615407933,eu,0.644869385973893,2.7343117443582257
