,subject,nll,bic,model,alpha,beta
9,9,162.46241659498213,335.7570339943731,eu,0.2621882115973978,14.000493906638829
