,subject,nll,bic,model,alpha,beta
27,27,167.28354644500632,345.3992936944215,eu,0.24058300855189574,12.958706197217346
