,subject,nll,bic,model,alpha,beta
12,12,165.49132514787792,341.8148511001647,eu,0.2898150278282563,13.521899404601356
