,subject,nll,bic,model,alpha,beta
7,7,171.70114641534445,354.23449363509775,eu,1.0843453800556602,0.9974613197912648
