,subject,nll,bic,model,alpha,beta
6,6,114.671129908816,240.15660336055223,eu,1.0111166050513731,2.5971971789674257
