,subject,nll,bic,model,alpha,beta
37,37,212.6401019504315,436.11240470527184,eu,0.5085543802819348,3.4183546967688434
