,subject,nll,bic,model,alpha,beta
39,39,181.09438985371645,373.02098051184174,eu,1.6216648021572326,0.09916842071659655
