,subject,nll,bic,model,alpha,beta
33,33,185.25390290563308,381.340006615675,eu,0.5733197961247086,4.968995843022225
