,subject,nll,bic,model,alpha,beta
32,32,160.69173368644454,332.2156681772979,eu,1.1712145587822285,0.8824029077691374
