,subject,nll,bic,model,alpha,beta
2,2,123.04595619024909,256.924113184907,eu,0.1462976355434158,29.889743496070636
