,subject,nll,bic,model,alpha,beta
31,31,66.06049643870097,142.95319368181077,eu,0.05217901074340678,49.944977950781926
