,subject,nll,bic,model,alpha,beta
36,36,151.8002774818133,314.43275576803546,eu,0.1470840042162613,27.648960494814336
