,subject,nll,bic,model,alpha,beta
3,3,199.55176886708128,409.9357385385714,eu,0.4000893849811648,4.324361161312236
