,subject,nll,bic,model,alpha,beta
17,17,191.04128146825752,392.9147637409239,eu,0.4657626089636168,4.000443846454459
