,subject,nll,bic,model,alpha,beta
22,22,203.7327437096726,418.29768822375405,eu,0.21099878156004362,8.31490598560876
