,subject,nll,bic,model,alpha,beta
0,0,224.82667322455558,460.48554725352,eu,0.8438023626474559,0.5912193573663221
