,subject,nll,bic,model,alpha,beta
35,35,194.25110923782046,399.33441928004976,eu,0.254216379652407,8.589790751985792
