,subject,nll,bic,model,alpha,beta
23,23,159.6661229249853,330.16444665437945,eu,1.1391821563299944,0.8797087920141552
