,subject,nll,bic,model,alpha,beta
38,38,187.92699500963738,386.6861908236836,eu,1.0479232304694648,1.428735775356979
