subject,nll,bic,model,beta
24,203.43550440867023,412.28710921954485,gaze-baseline-stat,7.094983856955301
