subject,nll,bic,model,beta
6,212.58981525615425,430.58680228376863,gaze-baseline-stat,4.108056738821963
