subject,nll,bic,model,beta
18,182.58265147052427,370.58140334325293,gaze-baseline-stat,8.336874045930232
