subject,nll,bic,model,beta
33,223.71121032455756,452.8385210513195,gaze-baseline-stat,4.559564110340064
