subject,nll,bic,model,beta
43,192.33047239757087,390.07704519734614,gaze-baseline-stat,5.446606038668586
