subject,nll,bic,model,beta
11,179.56328760471484,364.5426756116341,gaze-baseline-stat,8.11208943150071
