subject,nll,bic,model,beta
14,214.23534637033595,433.8867931428763,gaze-baseline-stat,4.839539285554218
