subject,nll,bic,model,beta
8,228.97075927657926,463.3576189553629,gaze-baseline-stat,4.149588353871193
