subject,nll,bic,model,beta
4,212.55868507383585,430.5334705498761,gaze-baseline-stat,4.796546893528863
