subject,nll,bic,model,beta
7,206.3661494012576,418.14839920471957,gaze-baseline-stat,5.65374942963449
