subject,nll,bic,model,beta
1,186.8474250527808,379.110950507766,gaze-baseline-stat,8.895561780994154
