subject,nll,bic,model,beta
38,199.81723355255556,405.0505675073155,gaze-baseline-stat,7.550364703585643
