subject,nll,bic,model,beta
16,201.66269430562517,408.7414890134547,gaze-baseline-stat,4.998760426100443
