subject,nll,bic,model,beta
39,211.80253193544115,429.0211642730867,gaze-baseline-stat,5.283236553417951
