subject,nll,bic,model,beta
42,218.62584904153601,442.6677984852764,gaze-baseline-stat,5.403144122628858
