subject,nll,bic,model,beta
17,174.4267927901757,354.2696859825558,gaze-baseline-stat,7.633593779348207
