subject,nll,bic,model,beta
36,192.48025806366294,390.3766165295303,gaze-baseline-stat,5.775473785538468
