subject,nll,bic,model,beta
12,213.64111731815643,432.69833503851726,gaze-baseline-stat,5.11531961975141
