subject,nll,bic,model,beta
15,203.10415963054652,411.62441966329743,gaze-baseline-stat,5.839472097006648
