subject,nll,bic,model,beta
23,210.98362595945815,427.3833523211207,gaze-baseline-stat,5.407996510497746
