subject,nll,bic,model,beta
5,226.8930174877726,459.2021353777496,gaze-baseline-stat,3.929126611244735
