subject,nll,bic,model,beta
9,164.25184955443217,333.91979951106873,gaze-baseline-stat,9.873668723940826
