subject,nll,bic,model,beta
21,176.35412390919504,358.12434822059447,gaze-baseline-stat,8.345069234881178
