subject,nll,bic,model,beta
26,221.44718273933924,448.3104658808829,gaze-baseline-stat,4.477165889601494
