subject,nll,bic,model,beta
31,203.6426601678357,412.70142073787576,gaze-baseline-stat,6.992874960679613
