subject,nll,bic,model,beta
19,198.8781220635576,403.1723445293196,gaze-baseline-stat,7.783433100009985
