subject,nll,bic,model,beta
37,196.2887630964247,397.9936265950538,gaze-baseline-stat,6.620788947761238
