subject,nll,bic,model,beta
20,224.64054039887228,454.69718119994894,gaze-baseline-stat,4.1435552873477075
