subject,nll,bic,model,beta
3,183.37918641116897,372.17447322454234,gaze-baseline-stat,7.780741773339563
