subject,nll,bic,model,beta
34,218.02462145230788,441.46534330682016,gaze-baseline-stat,5.621322290512603
