subject,nll,bic,model,beta
32,244.80025797097932,495.016616344163,gaze-baseline-stat,1.3153576653955958
