subject,nll,bic,model,beta
10,201.6316429545444,408.6793863112932,gaze-baseline-stat,5.904793452182461
