subject,nll,bic,model,beta
0,208.03983143869306,421.4957632795905,gaze-baseline-stat,6.652314601141089
