subject,nll,bic,model,beta
30,235.64069763237683,476.69749566695805,gaze-baseline-stat,2.7015870365031667
