subject,nll,bic,model,beta
2,210.4558579487329,426.3278162996702,gaze-baseline-stat,5.8146260363952535
