subject,nll,bic,model,beta
13,172.6542764731774,350.7246533485592,gaze-baseline-stat,8.83982466197098
