subject,nll,bic,model,beta
41,184.70434432760507,374.7839670628943,gaze-baseline-stat,6.0801170949253205
