subject,nll,bic,model,beta
35,225.76815914275005,456.9524186877045,gaze-baseline-stat,3.1640340408044167
