subject,nll,bic,model,beta
27,216.67517191001963,438.76644422224365,gaze-baseline-stat,4.850291731275704
