subject,nll,bic,model,beta
22,203.97708930071684,413.3702790036381,gaze-baseline-stat,5.309033715327397
