,subject,nll,bic,model,alpha,gamma,lam,beta
37,37,106.18563525373129,234.03567211628027,sb_int-multiplicative_comp-absolute_gbatt-false_gbalt-false_lk-gaze-dependent_inh-none,0.23913890675493804,0.5670482451237057,0.7642968038997522,0.8074551736610219
