,subject,nll,bic,model,alpha,gamma,beta,lam,theta
31,31,19.895067244724974,66.87063650047205,glickman1layer,0.04921931602761068,1.0,31.648695601214893,0.6402836970368263,0.8845962977568778
