,subject,nll,bic,model,alpha,gamma,beta,lam,theta
24,24,73.14836179915966,173.37722560934142,glickman1layer,0.25503978290557183,1.0,7.302719155931584,0.3165745590562226,0.8203171015935288
