,subject,nll,bic,model,alpha,gamma,beta,lam,theta
8,8,107.44539301132343,241.97128803366897,glickman1layer,0.1488223933716889,1.0,9.258593702230275,0.33549313885713705,0.8517092477178031
