,subject,nll,bic,model,alpha,gamma,beta,lam,theta
12,12,114.39092228292739,255.8623465768769,glickman1layer,0.25766571905514174,1.0,3.4365366801311112,0.15447803373137853,0.7727105770268464
