,subject,nll,bic,model,alpha,gamma,beta,lam,theta
43,43,137.42695961633552,301.9344212436931,glickman1layer,1.1067711725798433,1.0,0.13305184273648307,0.09552765772880785,0.3396341567115105
