,subject,nll,bic,model,alpha,gamma,beta,lam,theta
0,0,100.209666599146,227.4998352093141,glickman1layer,0.4408096854355204,0.5632982690539424,3.055905705534174,0.45303721400564173,0.5120986404434155
