,subject,nll,bic,model,alpha,gamma,beta,lam,theta
15,15,132.96505405493434,293.01061012089076,glickman1layer,0.22318522347410671,1.0,4.5098108423693635,0.3304780009330791,0.7387883706944635
