,subject,nll,bic,model,alpha,gamma,beta,lam,theta
36,36,68.53339577170081,164.14729355442373,glickman1layer,0.14578905705675577,1.0,19.45233598660902,0.5919967137211501,0.8836805639919304
