,subject,nll,bic,model,alpha,gamma,beta,lam,theta
32,32,156.62303613740136,340.3265742858248,glickman1layer,1.1627844849600715,1.0,0.16526868404575162,0.1673828136627416,0.8973600514714689
