,subject,nll,bic,model,alpha,gamma,beta,lam,theta
22,22,132.5884896682598,292.25748134754167,glickman1layer,0.1900791252000612,1.0,2.9852597871596576,0.2664809258710345,0.6140789340143862
