,subject,nll,bic,model,alpha,gamma,beta,lam,theta
30,30,105.48741994352886,238.05534189807983,glickman1layer,0.30716828917928163,1.0,12.170906014287672,0.5856008097782258,0.9543958390737328
