,subject,nll,bic,model,alpha,gamma,beta,lam,theta
10,10,116.07925022365743,259.2390024583369,glickman1layer,0.06489202298798072,1.0,11.420515402263485,0.6074274725934814,0.8305745641771437
