,subject,nll,bic,model,alpha,gamma,beta,lam,theta
5,5,77.84365635802949,182.7678147270811,glickman1layer,0.1562969128013109,1.0,9.995409385420645,0.6504576753971537,0.7693306880726059
