,subject,nll,bic,model,alpha,gamma,beta,lam,theta
2,2,75.03839511314561,177.15729223731333,glickman1layer,0.12976767494988467,1.0,7.631085221669398,0.20982996449699137,0.8320386693759066
