,subject,nll,bic,model,alpha,gamma,beta,lam,theta
39,39,132.1249084740449,291.3303189591119,glickman1layer,1.67354372316693,1.0,0.04097300270941407,0.2656454010757945,0.4257977990668458
