,subject,nll,bic,model,alpha,gamma,beta,lam,theta
20,20,40.020384022285114,107.12127005559233,glickman1layer,0.2583455594649753,1.0,14.433326128109455,0.6539336309298487,0.8698205498005647
