,subject,nll,bic,model,alpha,gamma,beta,lam,theta
11,11,84.62731179313029,196.33512559728268,glickman1layer,0.26213949831094746,1.0,2.730729438849143,0.14983301626843462,0.629965573303109
