,subject,nll,bic,model,alpha,gamma,beta,lam,theta
27,27,116.03478062705278,259.15006326512764,glickman1layer,0.23832069755300186,1.0,2.74853916822797,0.11305663841014776,0.6858670783508347
