,subject,nll,bic,model,alpha,gamma,beta,lam,theta
9,9,51.959634493326575,130.99977099767526,glickman1layer,0.2283286773933103,1.0,4.7242545390726205,0.1238190842515768,0.6440884136148199
