,subject,nll,bic,model,alpha,gamma,beta,lam,theta
4,4,158.31036121967645,343.701224450375,glickman1layer,0.3789813154036419,1.0,0.8534018676604991,0.18974268668250258,0.4634841413742331
