,subject,nll,bic,model,alpha,gamma,beta,lam,theta
21,21,38.75031777811583,104.58113756725376,glickman1layer,0.4390772739162816,0.5165868028383022,10.095628845207218,0.5511732483073538,0.794761300368334
