,subject,nll,bic,model,alpha,gamma,beta,lam,theta
23,23,103.21433435486041,233.50917072074293,glickman1layer,1.2532690660958357,1.0,0.08963882407013404,0.08589969974905885,0.40122943809414247
