,subject,nll,bic,model,alpha,gamma,beta,lam,theta
1,1,124.10719123547335,275.2948844819688,glickman1layer,0.4118769634464562,1.0,0.7058246706746203,0.08229109199871307,0.4707395734711673
