,subject,nll,bic,model,alpha,gamma,beta,lam,theta
35,35,156.47193020716162,340.0243624253453,glickman1layer,0.24963408426103595,1.0,1.3348134221997061,0.09206719061425839,0.699518297371933
