subject,nll,bic,model,w,w_gen,wd,wd_gen,phi1,phi1_gen,phi2,phi2_gen,sig2,sig2_gen
11-gaze-baseline-dyn,240.53889170413672,508.1582854192955,mdft,0.5924160936272747,,44.35602592468765,,594.9335349627526,,0.0,,38.942261207884144,
