subject,nll,bic,model,w,w_gen,wd,wd_gen,phi1,phi1_gen,phi2,phi2_gen,sig2,sig2_gen
14-eu,227.92454981403213,482.92960163908634,mdft,0.4627632474770707,,50.0,,901.6104149875856,,0.0,,1.1905158851303133,
