subject,nll,bic,model,w,w_gen,wd,wd_gen,phi1,phi1_gen,phi2,phi2_gen,sig2,sig2_gen
17-gaze-baseline-dyn,242.23126727439296,511.543036559808,mdft,0.5106498273737196,,31.87212916083019,,385.6364034849463,,0.0,,9.893630314169856,
