subject,nll,bic,model,w,w_gen,wd,wd_gen,phi1,phi1_gen,phi2,phi2_gen,sig2,sig2_gen
1-pt,157.0368921502888,341.15428631159966,mdft,0.577505331179232,,40.74471846359974,,412.79741555378587,,0.0,,0.3182997564411065,
