subject,nll,bic,model,w,w_gen,wd,wd_gen,phi1,phi1_gen,phi2,phi2_gen,sig2,sig2_gen
14-mdft,233.80933003862776,494.6991620882776,mdft,1.0,1.0,36.68915467900162,31.70096241804135,433.1062944117336,493.1285586791465,0.6088414599981562,0.7913090590050956,1.775270960712228,6.101440616791688
