subject,nll,bic,model,w,w_gen,wd,wd_gen,phi1,phi1_gen,phi2,phi2_gen,sig2,sig2_gen
17-eu,211.3550235840265,449.7905491790751,mdft,0.602326061564293,,38.04354234636059,,389.1354655845561,,0.0,,1.0323090660157934,
