subject,nll,bic,model,w,w_gen,wd,wd_gen,phi1,phi1_gen,phi2,phi2_gen,sig2,sig2_gen
0-pt,241.08594852169296,509.252399054408,mdft,0.427730675746519,,22.84322119804265,,660.2023422736586,,0.7873266400118797,,607.6473060961096,
