subject,nll,bic,model,w,w_gen,wd,wd_gen,phi1,phi1_gen,phi2,phi2_gen,sig2,sig2_gen
37-glickman1layer,211.77000322137718,450.62050845377644,mdft,0.5736582533129021,,28.490959921769615,,715.2047408729918,,0.0,,0.4727885511980178,
