subject,nll,bic,model,w,w_gen,wd,wd_gen,phi1,phi1_gen,phi2,phi2_gen,sig2,sig2_gen
17-gaze-baseline-stat,244.06767526753475,515.2158525460916,mdft,0.1773035642734099,,50.0,,630.1898169263773,,0.3666243476251203,,9.860380679859794,
