,subject,nll,bic,model,alpha,gamma,eta,lam,phi,beta
43,43,217.27251483871441,467.04163209065536,sb_int-multiplicative_comp-vsmean_gbatt-true_gbalt-false_lk-free_inh-gaze-dependent,1.0618420504677135,1.0,0.013474855721057607,0.6292514997163116,0.4835103261506202,10.0
