,mean,sd,hdi_2.5%,hdi_97.5%,mcse_mean,mcse_sd,ess_mean,ess_sd,ess_bulk,ess_tail,r_hat,P>0
col_c,-100.982,17.229,-133.976,-67.104,0.412,0.292,1745.0,1745.0,1750.0,3190.0,1.0,0.0
row_c,-327.21,35.941,-395.826,-255.566,1.129,0.799,1013.0,1013.0,1014.0,2158.0,1.0,0.0
rank_c,12.523,7.154,-2.033,26.362,0.062,0.052,13257.0,9483.0,13239.0,6203.0,1.0,0.957375
is_target,31.774,14.857,2.988,61.255,0.149,0.112,9903.0,8877.0,9937.0,6396.0,1.0,0.98225
is_decoy,-100.908,40.942,-180.906,-20.864,1.136,0.803,1300.0,1300.0,1297.0,2766.0,1.0,0.007875
is_probability,-17.666,11.078,-38.973,4.165,0.105,0.084,11029.0,8679.0,11063.0,6513.0,1.0,0.056125
is_chosen,239.043,23.137,192.418,282.858,0.394,0.279,3443.0,3433.0,3453.0,4767.0,1.0,1.0
