,mean,sd,hdi_2.5%,hdi_97.5%,mcse_mean,mcse_sd,ess_mean,ess_sd,ess_bulk,ess_tail,r_hat,P>0
col_c[0],-94.727,15.93,-126.755,-64.651,0.391,0.276,1662.0,1662.0,1661.0,3666.0,1.0,0.000125
row_c[0],-321.467,40.175,-398.234,-239.446,1.286,0.91,976.0,976.0,980.0,1695.0,1.0,0.0
rank_c[0],5.502,6.4,-7.179,17.961,0.061,0.061,10956.0,5428.0,11004.0,5447.0,1.0,0.807375
is_target[0],56.095,13.229,30.366,81.929,0.131,0.094,10129.0,9874.0,10129.0,5990.0,1.0,1.0
is_decoy[0],-60.958,19.201,-99.64,-24.283,0.305,0.216,3969.0,3969.0,3985.0,4868.0,1.0,0.001375
is_probability[0],-29.989,17.504,-65.18,3.922,0.293,0.207,3565.0,3565.0,3564.0,5293.0,1.0,0.042125
is_chosen[0],291.003,24.847,240.638,338.91,0.502,0.355,2451.0,2451.0,2448.0,4010.0,1.0,1.0
