subject,nll,bic,model,alpha,gamma,beta
39,181.094389853959,378.43708091453124,pt,1.6216663026156697,1.0,0.09916809652058226
