subject,nll,bic,model,alpha,gamma,beta
42,228.7391727562956,473.72664671920444,pt,0.5776995169017626,0.5446436997892344,4.053177181589599
