subject,nll,bic,model,alpha,gamma,beta
18,128.06093581944765,272.37017284550853,pt,0.4097109343774081,0.6915114914895225,19.860678241518315
