subject,nll,bic,model,alpha,gamma,beta
35,194.25110923770177,404.7505196820168,pt,0.2542164396838136,1.0,8.58980762168464
