subject,nll,bic,model,alpha,gamma,beta
16,145.39616157728383,307.0406243611809,pt,0.6777391216421962,0.6106278076453806,8.439788432393728
