subject,nll,bic,model,alpha,gamma,beta
39,181.09438985375942,378.4370809141321,pt,1.6216659478797095,1.0,0.09916793762061146
