subject,nll,bic,model,alpha,gamma,beta
36,151.80027748026168,319.8488561671366,pt,0.14708365412265376,1.0,27.64897389252627
