subject,nll,bic,model,alpha,gamma,beta
9,162.4624165943673,341.17313439534786,pt,0.2621886114708196,1.0,14.000447829290712
