subject,nll,bic,model,alpha,gamma,beta
17,185.42115738419102,387.0906159749953,pt,0.37093578976925196,0.4980421051458961,11.844920726905329
