subject,nll,bic,model,alpha,gamma,beta
26,174.7274610252816,365.70322325717643,pt,0.2534364928934169,0.42376866744936703,21.755127013623817
