subject,nll,bic,model,alpha,gamma,beta
19,210.09655714183333,436.4414154902799,pt,0.5794995170770674,0.5598305481473634,4.052155496999996
