subject,nll,bic,model,alpha,gamma,beta
7,165.21019230670626,346.66868582002576,pt,0.8150908716114995,0.7337942057761402,3.4529377076863033
