subject,nll,bic,model,alpha,gamma,beta
35,194.25218628012883,404.7526737668709,pt,0.2544863795787547,1.0,8.528927757832811
