subject,nll,bic,model,alpha,gamma,beta
43,220.77397402987265,457.79624926635853,pt,1.0669031748396094,1.0,0.7150559808631711
