subject,nll,bic,model,alpha,gamma,beta
5,179.95196478599675,376.15223077860674,pt,0.17524480876418758,1.0,16.949129457830843
