subject,nll,bic,model,alpha,gamma,beta
23,159.66612292404784,335.5805470547089,pt,1.1391803593505803,1.0,0.8797157788529822
