subject,nll,bic,model,alpha,gamma,beta
4,213.12557256923947,442.49944634509217,pt,0.3935878372312639,1.0,3.026509644747385
