subject,nll,bic,model,alpha,gamma,beta
17,185.421157384243,387.09061597509924,pt,0.37093571231944766,0.4980418729318721,11.84493420641816
