subject,nll,bic,model,alpha,gamma,beta
43,220.7739740294267,457.79624926546666,pt,1.0669027217329816,1.0,0.7150605320646904
