subject,nll,bic,model,alpha,gamma,beta
21,159.54957155901536,335.34744432464396,pt,0.46140015263633855,0.46219750387510894,15.42804920659817
