subject,nll,bic,model,alpha,gamma,beta
13,183.4575004792789,383.16330216517105,pt,0.7880768898565506,0.9163458266021793,3.37436317054378
