subject,nll,bic,model,alpha,gamma,beta
1,161.48854470250367,339.2253906116206,pt,0.40222273558155974,1.0,5.2203177232162785
