subject,nll,bic,model,alpha,gamma,beta
32,160.6917336864081,337.63176857942943,pt,1.1712148922215586,1.0,0.8824016537352948
