subject,nll,bic,model,alpha,gamma,beta
4,213.12557256923327,442.4994463450798,pt,0.39358791900968143,1.0,3.0265078793430535
