subject,nll,bic,model,alpha,gamma,beta
38,178.10208128148756,372.45246376958835,pt,0.8074221560786377,0.7385376625337426,4.034852471878214
