subject,nll,bic,model,alpha,gamma,beta
10,173.91475385840886,364.07780892343095,pt,0.05851764135134365,1.0,15.637056112012393
