subject,nll,bic,model,alpha,gamma,beta
37,157.1947444155817,330.63779003777665,pt,0.3541503749405873,0.36457171694167095,47.69048795299546
