subject,nll,bic,model,alpha,gamma,beta
2,123.04652811327838,262.34135743317,pt,0.14630773069972713,1.0,30.00289283889281
