subject,nll,bic,model,alpha,gamma,beta
0,224.7395934447326,465.72748809607845,pt,0.7694423100368518,0.8916031959047591,0.8282409557904871
