subject,nll,bic,model,alpha,gamma,beta
30,120.66630053317843,257.5809022729701,pt,0.3129019424431061,1.0,20.732720199869952
