subject,nll,bic,model,alpha,gamma,beta
14,215.81109449833542,447.8704902032841,pt,0.4397556853565158,0.4040385955666258,12.555676922854731
