subject,nll,bic,model,alpha,gamma,beta
6,109.01456207295348,234.25063946028732,pt,0.8615907681102339,0.8411838698897556,5.0450878933784225
