subject,nll,bic,model,alpha,gamma,beta
33,181.07313641271543,378.3945740320441,pt,0.503523679398553,0.6602212436348692,9.176403998179051
