subject,nll,bic,model,alpha,gamma,beta
12,165.49120245898092,347.2307061245751,pt,0.28985912995100954,1.0,13.496066054422936
