subject,nll,bic,model,alpha,gamma,beta
16,145.39616157727227,307.04062436115777,pt,0.6777391621297663,0.6106278561620346,8.439786064091725
