subject,nll,bic,model,alpha,gamma,beta
1,161.48854470240929,339.2253906114318,pt,0.402222783143851,1.0,5.2203237681933174
