subject,nll,bic,model,alpha,gamma,beta
31,66.05790256585254,148.36410633831835,pt,0.052209459706060314,1.0,50.0
