subject,nll,bic,model,alpha,gamma,beta
3,163.63696181545907,343.5222248375314,pt,0.2772137578654727,0.307051047817179,50.0
