subject,nll,bic,model,alpha,gamma,beta
33,181.07313641184587,378.39457403030497,pt,0.5035245640680424,0.6602230530057908,9.176392301461494
