subject,nll,bic,model,alpha,gamma,beta
5,179.95079731963403,376.1498958458813,pt,0.17503219456650967,1.0,17.14475078817873
