subject,nll,bic,model,alpha,gamma,beta
31,66.05790256585279,148.36410633831883,pt,0.0522094540841536,1.0,50.0
