subject,nll,bic,model,alpha,gamma,beta
27,167.28354644434225,350.81539409529773,pt,0.2405831179684744,1.0,12.958635073443414
