subject,nll,bic,model,alpha,gamma,beta
3,163.63696181544805,343.5222248375093,pt,0.27721369372718485,0.3070510472921719,50.0
