subject,nll,bic,model,alpha,gamma,beta
22,203.73274370944603,423.7137886255053,pt,0.21099922256661433,1.0,8.314901009589857
