subject,nll,bic,model,alpha,gamma,beta
24,147.36459287360663,310.9774869538265,pt,0.26643410337505175,1.0,17.16156610116844
