subject,nll,bic,model,alpha,gamma,beta
8,164.33291990280136,344.91414101221596,pt,0.16493430849368831,1.0,19.148097600004828
