subject,nll,bic,model,alpha,gamma,beta
15,197.49667553697628,411.2416522805658,pt,0.24533565889027387,1.0,8.501004908117357
