subject,nll,bic,model,alpha,gamma,beta
36,151.8002774802576,319.8488561671284,pt,0.14708365186154493,1.0,27.64898120590922
