subject,nll,bic,model,alpha,gamma,beta
11,155.93102644550436,328.11035409762195,pt,0.28274171613351484,1.0,10.752997283714455
