subject,nll,bic,model,alpha,gamma,beta
20,110.38101493525394,237.01033107712115,pt,0.24307341217618902,1.0,27.39775844513161
