subject,nll,bic,model,alpha,gamma,beta
13,183.45750047912134,383.1633021648559,pt,0.7880774048122124,0.9163473429216287,3.37435060358351
