subject,nll,bic,model,alpha,gamma,beta
34,169.89854094073755,356.04538308808833,pt,0.6419170050299631,0.991108116355286,2.7770622785536223
