subject,nll,bic,model,alpha,gamma,beta
6,109.01456207295921,234.25063946029877,pt,0.8615908589868112,0.8411839584479928,5.0450850376347525
