subject,nll,bic,model,alpha,gamma,beta
19,210.0965571418323,436.44141549027785,pt,0.5794995494147482,0.5598305972002818,4.052154605644132
