subject,nll,bic,model,alpha,gamma,beta
10,173.91475385866457,364.07780892394237,pt,0.05851760836958507,1.0,15.637086678408226
