subject,nll,bic,model,alpha,gamma,beta
14,215.8110944981123,447.87049020283786,pt,0.43975506242526313,0.4040377840735808,12.555762869232613
