subject,nll,bic,model,alpha,gamma,beta
38,178.10208128108496,372.45246376878316,pt,0.8074223234649713,0.738537840114002,4.03484861706696
