subject,nll,bic,model,alpha,gamma,beta
27,167.2835464442844,350.81539409518206,pt,0.24058296561075662,1.0,12.95865250408305
