subject,nll,bic,model,alpha,gamma,beta
30,120.66630053364547,257.5809022739042,pt,0.31290221548217184,1.0,20.732725242435365
