subject,nll,bic,model,alpha,gamma,beta
22,203.73274370943903,423.7137886254913,pt,0.21099923003466384,1.0,8.314900145040697
