subject,nll,bic,model,alpha,gamma,beta
42,228.73917275629185,473.72664671919694,pt,0.5776994748996027,0.5446436529575965,4.053178545048437
