subject,nll,bic,model,alpha,gamma,beta
7,165.2101814525247,346.6686641116626,pt,0.8148753056489892,0.7336018129100068,3.4572620281730004
