subject,nll,bic,model,alpha,gamma,beta
41,219.26537385234383,454.65658292774015,pt,0.7008334054391363,1.0,0.7430012686377925
