subject,nll,bic,model,alpha,gamma,beta
21,159.54957155902775,335.34744432466874,pt,0.4614001205953221,0.462197513637879,15.428046857056737
