subject,nll,bic,model,alpha,gamma,beta
9,162.4624165943672,341.17313439534763,pt,0.2621886114708196,1.0,14.00044782929071
