subject,nll,bic,model,alpha,gamma,beta
32,160.69173368640813,337.6317685794295,pt,1.171214932062345,1.0,0.88240142402442
