subject,nll,bic,model,alpha,gamma,beta
0,224.73959344473224,465.7274880960777,pt,0.7694421494588585,0.8916030495082296,0.8282416007969735
