subject,nll,bic,model,alpha,gamma,beta
15,197.49667553754335,411.24165228169994,pt,0.24533610480931617,1.0,8.500911178862086
