subject,nll,bic,model,alpha,gamma,beta
41,219.2653738523441,454.6565829277407,pt,0.7008333530517562,1.0,0.7430014959974113
