subject,nll,bic,model,alpha,gamma,beta
26,174.72746102528896,365.70322325719115,pt,0.2534361142834801,0.4237684222571081,21.755172747575415
