subject,nll,bic,model,alpha,gamma,beta
24,147.36459287340836,310.97748695342995,pt,0.26643440248856665,1.0,17.161537070697648
