subject,nll,bic,model,alpha,gamma,beta
20,110.37927130508474,237.00684381678275,pt,0.2430705077440896,1.0,27.574121348221983
