subject,nll,bic,model,alpha,gamma,beta
8,164.33291990276211,344.91414101213746,pt,0.16493430203813392,1.0,19.14808889648113
