subject,nll,bic,model,alpha,gamma,beta
12,165.49120245898393,347.2307061245811,pt,0.28985913959716564,1.0,13.49606004894777
