subject,nll,bic,model,alpha,gamma,beta
18,128.0609358192114,272.37017284503605,pt,0.40971110328992916,0.6915123892764407,19.86063043029519
