,subject,nll,bic,model,w_p,eta,lam,phi,beta
13,13,93.9101423996151,214.9007868102523,sb_int-additive_comp-absolute_gbatt-true_gbalt-false_lk-gaze-dependent_inh-gaze-dependent,0.6810635081067028,0.3530734596597943,0.8478545347780632,0.0,2.9933989011492392
