subject,nll,bic,model,beta,beta_gen,lam,lam_gen
10-mdft,246.2110618117544,503.25432442791765,gaze-baseline-dyn,0.14087868748072152,,0.45659837107525547,
