subject,nll,bic,model,beta,beta_gen,lam,lam_gen
39-mdft,238.95885832725097,488.7499174589108,gaze-baseline-dyn,0.26864654303636526,,0.10295103075306232,
