subject,nll,bic,model,beta,beta_gen,lam,lam_gen
35-gaze-baseline-stat,227.54763176513185,465.92746433467255,gaze-baseline-dyn,0.13772152321155126,3.1640340408044167,0.0,
