subject,nll,bic,model,beta,beta_gen,lam,lam_gen
18-pt,218.63647481090567,448.1051504262202,gaze-baseline-dyn,0.4020942058482852,19.860678241518315,0.1357934442831469,
