subject,nll,bic,model,beta,beta_gen,lam,lam_gen
42-eu,247.18708995133713,505.2063807070831,gaze-baseline-dyn,0.0,0.4392965690522843,0.0,
