subject,nll,bic,model,beta,beta_gen,lam,lam_gen
0-gaze-baseline-dyn,86.822757744424,184.47771629325683,gaze-baseline-dyn,2.568238249440046,2.1575953963278645,0.3948440431972679,0.4371219799820182
