subject,nll,bic,model,beta,beta_gen,lam,lam_gen
3-pt,228.04023108639532,466.9126629771995,gaze-baseline-dyn,0.5267124906266267,50.0,0.3204450073658614,
