subject,nll,bic,model,beta,beta_gen,lam,lam_gen
6-gaze-baseline-stat,242.58790666786638,495.990156878653,gaze-baseline-dyn,0.3026087691572381,4.108056738821963,1.0,
