subject,nll,bic,model,beta,beta_gen,lam,lam_gen
31-gaze-baseline-stat,222.37404457904526,455.58028996249936,gaze-baseline-dyn,0.17197238146396773,6.992874960679613,0.012849953453450845,
