subject,nll,bic,model,beta,beta_gen,lam,lam_gen
31-pt,133.02679691535775,276.88579463512434,gaze-baseline-dyn,2.224633411851229,50.0,1.0,
