subject,nll,bic,model,beta,beta_gen,lam,lam_gen
34-gaze-baseline-stat,228.221302302734,467.2748054098768,gaze-baseline-dyn,0.17474195789296634,5.621322290512603,0.019386711105587238,
