subject,nll,bic,model,beta,beta_gen,lam,lam_gen
7-eu,237.19854814659251,485.22929709759387,gaze-baseline-dyn,0.538657976240754,0.9974613197912648,0.8070232054883788,
