subject,nll,bic,model,beta,beta_gen,lam,lam_gen
30-gaze-baseline-stat,243.41027632918446,497.65275346277775,gaze-baseline-dyn,0.055087496815976945,2.7015870365031667,0.001834183015053461,
