subject,nll,bic,model,beta,beta_gen,lam,lam_gen
18-gaze-baseline-stat,199.12274610962007,409.077693023649,gaze-baseline-dyn,0.26971115211284624,8.336874045930232,0.004188797198033464,
