subject,nll,bic,model,beta,beta_gen,lam,lam_gen
33-mdft,240.84882415567404,492.5298491157569,gaze-baseline-dyn,0.3748857031916544,,0.536870632003397,
