subject,nll,bic,model,beta,beta_gen,lam,lam_gen
13-mdft,214.07117833454507,438.974557473499,gaze-baseline-dyn,0.39395022583358996,,0.15852185576879327,
