subject,nll,bic,model,beta,beta_gen,lam,lam_gen
14-gaze-baseline-stat,225.79319415372703,462.4185891118629,gaze-baseline-dyn,0.15930529369242485,4.839539285554218,0.017533497726805323,
