subject,nll,bic,model,beta,beta_gen,lam,lam_gen
14-pt,246.1923658741083,503.21693255262545,gaze-baseline-dyn,0.1851442262794006,12.555762869232613,0.8516270994117189,
