subject,nll,bic,model,beta,beta_gen,lam,lam_gen
42-gaze-baseline-stat,223.18967826173062,457.2115573278701,gaze-baseline-dyn,0.1591164782806032,5.403144122628858,0.00910951055670223,
