subject,nll,bic,model,beta,beta_gen,lam,lam_gen
36-pt,236.87561272256045,484.58342624952974,gaze-baseline-dyn,0.6131115498998414,27.64898120590922,1.0,
