subject,nll,bic,model,beta,beta_gen,lam,lam_gen
20-eu,191.55230525384323,393.9368113120953,gaze-baseline-dyn,1.321516015937256,27.497345129461767,0.8535207972497458,
