subject,nll,bic,model,beta,beta_gen,lam,lam_gen
36-eu,227.4019127473339,465.63602629907666,gaze-baseline-dyn,0.8445494856334039,27.648960494814336,1.0,
