subject,nll,bic,model,beta,beta_gen,lam,lam_gen
19-gaze-baseline-stat,218.2801416329848,447.39248407037843,gaze-baseline-dyn,0.20729249013870654,7.783433100009985,0.014220846290721408,
