subject,nll,bic,model,beta,beta_gen,lam,lam_gen
42-pt,246.5116454669414,503.8554917382916,gaze-baseline-dyn,0.10546741160509585,4.053178545048437,0.5076048079841374,
