subject,nll,bic,model,beta,beta_gen,lam,lam_gen
1-pt,233.8245867511949,478.4813743067986,gaze-baseline-dyn,0.2625331983220527,5.220323768193317,0.07486198199283316,
