subject,nll,bic,model,beta,beta_gen,lam,lam_gen
9-mdft,217.02299664442836,444.87819409326556,gaze-baseline-dyn,1.0433526648540208,,1.0,
