subject,nll,bic,model,beta,beta_gen,lam,lam_gen
12-gaze-baseline-stat,224.0619779362507,458.95615667691027,gaze-baseline-dyn,0.2752346416998756,5.11531961975141,0.02448435528388744,
