subject,nll,bic,model,beta,beta_gen,lam,lam_gen
14-mdft,245.7785758368982,502.38935247820524,gaze-baseline-dyn,0.0275182522190216,,0.0,
