subject,nll,bic,model,beta,beta_gen,lam,lam_gen
39-pt,245.06213550085397,500.9564718061168,gaze-baseline-dyn,0.15515425868479799,0.0991679376206114,0.16406214058236365,
