subject,nll,bic,model,beta,beta_gen,lam,lam_gen
26-pt,221.05035331503302,452.9329074344749,gaze-baseline-dyn,0.9704723601355555,21.755127013623817,1.0,
