subject,nll,bic,model,beta,beta_gen,lam,lam_gen
34-pt,241.76035058392875,494.35290197226635,gaze-baseline-dyn,0.33203240687718866,2.7770622785536223,0.5015625415699059,
