subject,nll,bic,model,beta,beta_gen,lam,lam_gen
7-pt,239.89403216702505,490.62026513845893,gaze-baseline-dyn,0.33646197242455556,3.4572620281730004,0.45564728093686646,
