subject,nll,bic,model,beta,beta_gen,lam,lam_gen
36-gaze-baseline-stat,224.05174708448925,458.93569497338734,gaze-baseline-dyn,0.23557353470592374,5.775473785538468,0.019398390761842726,
