subject,nll,bic,model,beta,beta_gen,lam,lam_gen
7-glickman1layer,179.57000358014812,369.9722079647051,gaze-baseline-dyn,0.5861281870671607,1.0183563597219791,0.0983322893623302,0.1092921752334857
