subject,nll,bic,model,beta,beta_gen,lam,lam_gen
26-eu,213.17271113043506,437.17762306527896,gaze-baseline-dyn,0.6959051270093168,6.560475781999901,0.4354412448589607,
