subject,nll,bic,model,beta,beta_gen,lam,lam_gen
15-gaze-baseline-stat,203.69454302080908,418.221286846027,gaze-baseline-dyn,0.3667438201802976,5.839472097006648,0.012741084865504359,
