subject,nll,bic,model,beta,beta_gen,lam,lam_gen
1-mdft,234.51840225390754,479.8690053122239,gaze-baseline-dyn,0.15963731490772645,,0.00616206846817236,
