subject,nll,bic,model,beta,beta_gen,lam,lam_gen
24-pt,231.8019856019012,474.43617200821126,gaze-baseline-dyn,0.6086114954735908,17.161537070697648,0.639405807131422,
