subject,nll,bic,model,beta,beta_gen,lam,lam_gen
31-mdft,149.8616135012205,310.5554278068498,gaze-baseline-dyn,1.9635993391349755,,0.9697720582712602,
