subject,nll,bic,model,beta,beta_gen,lam,lam_gen
0-gaze-baseline-stat,218.449640575913,447.73148195623486,gaze-baseline-dyn,0.15504840620964364,6.652314601141089,0.0,
