subject,nll,bic,model,beta,beta_gen,lam,lam_gen
23-pt,232.26890927482117,475.3700193540512,gaze-baseline-dyn,0.23470513753884528,0.8797157788529822,0.04843075020454209,
