subject,nll,bic,model,beta,beta_gen,lam,lam_gen
26-mdft,207.05873238696506,424.94966557833897,gaze-baseline-dyn,0.9275599689321461,,0.6389693364597645,
