subject,nll,bic,model,beta,beta_gen,lam,lam_gen
17-mdft,241.12572931710392,493.0836594386167,gaze-baseline-dyn,0.15171106033494267,,0.047956315906136006,
