subject,nll,bic,model,beta,beta_gen,lam,lam_gen
19-eu,245.94116379772007,502.714528399849,gaze-baseline-dyn,0.04668615205992484,0.5516483175253851,0.029739480071329802,
