subject,nll,bic,model,beta,beta_gen,lam,lam_gen
23-eu,226.3045226990742,463.44124620255724,gaze-baseline-dyn,0.32554043683346273,0.8797087920141552,0.07271862197255008,
