subject,nll,bic,model,beta,beta_gen,lam,lam_gen
9-pt,215.97047296651704,442.7731467374429,gaze-baseline-dyn,1.06171093015869,14.00044782929071,1.0,
