subject,nll,bic,model,beta,beta_gen,lam,lam_gen
15-eu,245.13719486636924,501.1065905371473,gaze-baseline-dyn,0.2452510462246627,8.500983274219447,0.65642038814251,
