subject,nll,bic,model,beta,beta_gen,lam,lam_gen
27-gaze-baseline-stat,222.52941802370492,455.8910368518187,gaze-baseline-dyn,0.2561172393342842,4.850291731275704,0.0,
