subject,nll,bic,model,beta,beta_gen,lam,lam_gen
18-eu,222.03678166501578,454.9057641344404,gaze-baseline-dyn,0.3834852543535365,12.193105093669988,0.14497378967268473,
