subject,nll,bic,model,beta,beta_gen,lam,lam_gen
2-eu,228.96692378103603,468.7660483664809,gaze-baseline-dyn,0.3230122006439842,29.88974349607064,0.11592201279700227,
