subject,nll,bic,model,beta,beta_gen,lam,lam_gen
24-gaze-baseline-stat,212.68328725201917,436.1987753084472,gaze-baseline-dyn,0.22906687994818303,7.094983856955301,0.0013129203412624263,
