subject,nll,bic,model,beta,beta_gen,lam,lam_gen
37-mdft,215.15368450935858,441.139569823126,gaze-baseline-dyn,0.4385013783442514,,0.19837306561849605,
