subject,nll,bic,model,beta,beta_gen,lam,lam_gen
4-mdft,247.00739670703445,504.84699421847773,gaze-baseline-dyn,0.03616351415274276,,0.18087563753619842,
