subject,nll,bic,model,beta,beta_gen,lam,lam_gen
16-gaze-baseline-stat,238.48800714249225,487.80821508939334,gaze-baseline-dyn,0.5061508324605773,4.998760426100443,0.8276897099347176,
