subject,nll,bic,model,beta,beta_gen,lam,lam_gen
22-gaze-baseline-stat,220.27595429399844,451.3841093924057,gaze-baseline-dyn,0.25350577892826137,5.309033715327397,0.0,
