subject,nll,bic,model,beta,beta_gen,lam,lam_gen
6-glickman1layer,142.53809809683383,295.8905397365879,gaze-baseline-dyn,1.6465761422512295,2.0783188193875426,0.6119609905548875,0.4912870969916615
