subject,nll,bic,model,beta,beta_gen,lam,lam_gen
30-mdft,221.79203079920225,454.41626240281335,gaze-baseline-dyn,0.6171949503869054,,0.4483168225924657,
