subject,nll,bic,model,beta,beta_gen,lam,lam_gen
3-mdft,240.00880148763287,490.8498037796746,gaze-baseline-dyn,0.3111229332603884,,0.29913499390024834,
