subject,nll,bic,model,beta,beta_gen,lam,lam_gen
7-gaze-baseline-stat,216.9987238360677,444.82964847654426,gaze-baseline-dyn,0.15329169921592734,5.65374942963449,0.0,
