subject,nll,bic,model,beta,beta_gen,lam,lam_gen
2-gaze-baseline-stat,211.54388039709116,433.91996159859116,gaze-baseline-dyn,0.26112123958608024,5.8146260363952535,0.009522726214556663,
