subject,nll,bic,model,beta,beta_gen,lam,lam_gen
22-eu,245.14702664816065,501.12625410073014,gaze-baseline-dyn,0.1787604104787254,8.31490598560876,0.3608359176216342,
