subject,nll,bic,model,beta,beta_gen,lam,lam_gen
19-mdft,239.73693631931644,490.3060734430417,gaze-baseline-dyn,0.1463842673637571,,0.05778360480848012,
