subject,nll,bic,model,beta,beta_gen,lam,lam_gen
12-eu,235.79293374412208,482.418068292653,gaze-baseline-dyn,0.3160802978934301,13.521899404601356,0.15133197844219928,
