subject,nll,bic,model,beta,beta_gen,lam,lam_gen
38-mdft,231.037362997892,472.9069268001928,gaze-baseline-dyn,0.2934385692074988,,0.11374242773405235,
