subject,nll,bic,model,beta,beta_gen,lam,lam_gen
10-gaze-baseline-dyn,170.2316802938462,351.29556139210126,gaze-baseline-dyn,1.438798946679981,1.4342571464305418,0.5781623758337653,0.5159686342734231
