subject,nll,bic,model,beta,beta_gen,lam,lam_gen
23-gaze-baseline-stat,222.32972671411437,455.4916542326376,gaze-baseline-dyn,0.19576232741796407,5.407996510497746,0.0,
