subject,nll,bic,model,beta,beta_gen,lam,lam_gen
19-pt,245.57488933896786,501.98197948234457,gaze-baseline-dyn,0.037026816339816124,4.052154605644132,0.0,
