subject,nll,bic,model,beta,beta_gen,lam,lam_gen
34-mdft,234.9231753057079,480.67855141582464,gaze-baseline-dyn,0.18261678897478523,,0.04695195832542047,
