subject,nll,bic,model,beta,beta_gen,lam,lam_gen
32-pt,239.96768327822892,490.7675673608667,gaze-baseline-dyn,0.07310323368166767,0.8824016537352948,0.0,
