subject,nll,bic,model,beta,beta_gen,lam,lam_gen
4-eu,241.79844904815286,494.42909890071456,gaze-baseline-dyn,0.23477320770470306,3.026503176054454,0.2700490491846759,
