subject,nll,bic,model,beta,beta_gen,lam,lam_gen
34-eu,242.52912989458065,495.89046059357014,gaze-baseline-dyn,0.2034481758600439,2.7343117443582257,0.2044210098088572,
