subject,nll,bic,model,beta,beta_gen,lam,lam_gen
16-eu,228.7890565412824,468.41031388697365,gaze-baseline-dyn,0.6913466982994341,1.1991017818469196,0.7479150282761643,
