subject,nll,bic,model,beta,beta_gen,lam,lam_gen
39-eu,244.635133564662,500.10246793373284,gaze-baseline-dyn,0.14879537045602204,0.0991684207165965,0.10482953405676193,
