subject,nll,bic,model,beta,beta_gen,lam,lam_gen
35-pt,245.5400527220607,501.91230624853023,gaze-baseline-dyn,0.25050951668101995,8.58980762168464,1.0,
