subject,nll,bic,model,beta,beta_gen,lam,lam_gen
43-gaze-baseline-stat,214.03974380524852,438.9116884149059,gaze-baseline-dyn,0.3116080091356555,5.446606038668586,0.0,
