subject,nll,bic,model,beta,beta_gen,lam,lam_gen
24-mdft,228.16112581379662,467.1544524320021,gaze-baseline-dyn,0.7574941040262312,,0.8248070419789204,
