subject,nll,bic,model,beta,beta_gen,lam,lam_gen
43-mdft,245.7812115396373,502.39462388368344,gaze-baseline-dyn,0.23180211878485044,,1.0,
