subject,nll,bic,model,beta,beta_gen,lam,lam_gen
3-eu,239.19331296817978,489.2188267407684,gaze-baseline-dyn,0.34857639192686657,4.324361161312236,0.34834675506216567,
