subject,nll,bic,model,beta,beta_gen,lam,lam_gen
27-pt,228.86505166137732,468.5623041271635,gaze-baseline-dyn,0.49383818041756733,12.95865250408305,0.24109701977696946,
