subject,nll,bic,model,beta,beta_gen,lam,lam_gen
5-eu,230.27532276629896,471.38284633700675,gaze-baseline-dyn,0.5099727955468664,17.081780107225107,0.4300238274521572,
