subject,nll,bic,model,beta,beta_gen,lam,lam_gen
27-glickman1layer,168.90195519034458,348.636111185098,gaze-baseline-dyn,1.063210666675177,2.74853916822797,0.13026746611674755,0.1130566384101477
