subject,nll,bic,model,beta,beta_gen,lam,lam_gen
41-mdft,234.37972606295517,479.51000894127867,gaze-baseline-dyn,0.1330025227127323,,0.11442968664977307,
