subject,nll,bic,model,beta,beta_gen,lam,lam_gen
33-eu,244.70459404696885,500.24138889834654,gaze-baseline-dyn,0.30529345433237526,4.968995843022225,0.9919510706132474,
