subject,nll,bic,model,beta,beta_gen,lam,lam_gen
22-mdft,239.38976725765122,489.6117353197113,gaze-baseline-dyn,0.2555270140701164,,0.1701633993913313,
