subject,nll,bic,model,beta,beta_gen,lam,lam_gen
23-mdft,234.28084980073606,479.39390040588097,gaze-baseline-dyn,0.6842603091569806,,1.0,
