subject,nll,bic,model,beta,beta_gen,lam,lam_gen
24-eu,234.01758895427392,478.8673787129567,gaze-baseline-dyn,0.5675939066175034,17.16138928032812,0.650615839454142,
