subject,nll,bic,model,beta,beta_gen,lam,lam_gen
2-mdft,216.83097620341658,444.494153211242,gaze-baseline-dyn,0.4437962447763243,,0.12573769072470709,
