subject,nll,bic,model,beta,beta_gen,lam,lam_gen
9-gaze-baseline-stat,188.28510585793126,387.40241252027135,gaze-baseline-dyn,0.45650765427622414,9.873668723940826,0.010725057890587846,
