subject,nll,bic,model,beta,beta_gen,lam,lam_gen
10-pt,238.90369673187288,488.6395942681546,gaze-baseline-dyn,0.32553500507980726,15.637056112012392,0.20412627011771828,
