subject,nll,bic,model,beta,beta_gen,lam,lam_gen
32-mdft,240.827806358106,492.4878135206208,gaze-baseline-dyn,0.31365143007464197,,0.3441831051877375,
