subject,nll,bic,model,beta,beta_gen,lam,lam_gen
20-gaze-baseline-stat,224.1895075892157,459.21121598284026,gaze-baseline-dyn,0.1826834332986984,4.143555287347708,0.0016612078470670463,
