subject,nll,bic,model,beta,beta_gen,lam,lam_gen
30-pt,235.12791584934996,481.08803250310876,gaze-baseline-dyn,0.4279702103542999,20.732720199869952,0.4594417214408636,
