subject,nll,bic,model,beta,beta_gen,lam,lam_gen
7-mdft,228.36832515307714,467.5688511105631,gaze-baseline-dyn,0.2932004622893314,,0.1311524821481823,
