subject,nll,bic,model,beta,beta_gen,lam,lam_gen
8-gaze-baseline-stat,224.70627974717166,460.24476029875217,gaze-baseline-dyn,0.17115174792083557,4.149588353871193,0.0028710672625965198,
