subject,nll,bic,model,beta,beta_gen,lam,lam_gen
32-eu,242.20501663877326,495.24223408195536,gaze-baseline-dyn,0.38158653739480247,0.8824029077691374,0.7507419189293311,
