subject,nll,bic,model,beta,beta_gen,lam,lam_gen
38-pt,228.60937690245868,468.0509546093262,gaze-baseline-dyn,0.44835797803364336,4.034852471878214,0.27510011618835284,
