subject,nll,bic,model,beta,beta_gen,lam,lam_gen
32-gaze-baseline-stat,245.01349515364808,500.859191111705,gaze-baseline-dyn,0.24500405471970607,1.3153576653955958,0.6876888308861959,
