subject,nll,bic,model,beta,beta_gen,lam,lam_gen
33-gaze-baseline-stat,236.21862567259933,483.2694521496075,gaze-baseline-dyn,0.1351121845177502,4.559564110340064,0.0,
