subject,nll,bic,model,beta,beta_gen,lam,lam_gen
37-pt,220.51408984548272,451.8603804953743,gaze-baseline-dyn,0.4923067561002099,47.69048795299546,0.30078917958278206,
