subject,nll,bic,model,beta,beta_gen,lam,lam_gen
1-glickman1layer,167.64284542404408,346.117891652497,gaze-baseline-dyn,0.8942959768793081,0.7058246706746203,0.0948980535689936,0.082291091998713
