subject,nll,bic,model,beta,beta_gen,lam,lam_gen
8-eu,244.5866310012534,500.00546280691566,gaze-baseline-dyn,0.23730058001451157,19.145785378750883,0.5741891064661371,
