subject,nll,bic,model,beta,beta_gen,lam,lam_gen
42-mdft,245.50985641259916,501.85191362960717,gaze-baseline-dyn,0.07125780130725726,,0.08011988420380757,
