subject,nll,bic,model,beta,beta_gen,lam,lam_gen
4-pt,243.74879620065272,498.3297932057143,gaze-baseline-dyn,0.10729640931814606,3.026507879343053,0.07865044296658838,
