subject,nll,bic,model,beta,beta_gen,lam,lam_gen
16-pt,221.26176320594453,453.3557272162979,gaze-baseline-dyn,0.6740947100212967,8.439788432393728,0.5107146621462286,
