subject,nll,bic,model,beta,beta_gen,lam,lam_gen
26-gaze-baseline-stat,243.70363727762913,498.2394753596671,gaze-baseline-dyn,0.36124581653667276,4.477165889601494,1.0,
