subject,nll,bic,model,beta,beta_gen,lam,lam_gen
10-gaze-baseline-stat,219.92566760612254,450.68353601665393,gaze-baseline-dyn,0.41320718882379004,5.904793452182461,0.030889226636295664,
