subject,nll,bic,model,beta,beta_gen,lam,lam_gen
33-pt,244.71161084024106,500.25542248489097,gaze-baseline-dyn,0.2117747680579156,9.176392301461494,0.41883667409510356,
