subject,nll,bic,model,beta,beta_gen,lam,lam_gen
13-eu,229.57502716682416,469.98225513805716,gaze-baseline-dyn,0.3492123789138116,2.7298540109079523,0.24122642995797228,
