subject,nll,bic,model,beta,beta_gen,lam,lam_gen
8-pt,243.7036372783255,498.2394753610598,gaze-baseline-dyn,0.36124063494743064,19.14808889648113,1.0,
