subject,nll,bic,model,beta,beta_gen,lam,lam_gen
9-eu,233.58770262017617,478.0076060447612,gaze-baseline-dyn,0.7020382758842554,14.000493906638829,1.0,
