subject,nll,bic,model,beta,beta_gen,lam,lam_gen
16-mdft,218.2267158453616,447.28563249513206,gaze-baseline-dyn,0.8763803718252277,,0.7596046289630887,
