subject,nll,bic,model,beta,beta_gen,lam,lam_gen
1-eu,235.565777304728,481.9637554138648,gaze-baseline-dyn,0.16400537051329656,5.220320524130496,0.013792057077315421,
