subject,nll,bic,model,beta,beta_gen,lam,lam_gen
30-eu,225.33722956070244,461.5066599258137,gaze-baseline-dyn,0.4666284340189573,20.73271651109641,0.30199558820782313,
