subject,nll,bic,model,beta,beta_gen,lam,lam_gen
43-eu,243.61694009682103,498.0660809980509,gaze-baseline-dyn,0.3151474844573766,0.7150495757864478,0.7213271479339854,
