subject,nll,bic,model,beta,beta_gen,lam,lam_gen
17-eu,237.71898506182396,486.27017092805676,gaze-baseline-dyn,0.33901385414813484,4.000443846454459,0.32686797794209743,
