subject,nll,bic,model,beta,beta_gen,lam,lam_gen
5-gaze-baseline-stat,229.05227914675302,468.9367590979149,gaze-baseline-dyn,0.13172011607876916,3.929126611244735,0.0,
