subject,nll,bic,model,beta,beta_gen,lam,lam_gen
20-mdft,183.264170467444,377.3605417392968,gaze-baseline-dyn,1.4722226998565406,,0.9044599196766919,
