subject,nll,bic,model,beta,beta_gen,lam,lam_gen
41-eu,237.10878406144093,484.9681249382502,gaze-baseline-dyn,0.05109772318985491,0.7430012248854967,0.3404994656098537,
