subject,nll,bic,model,beta,beta_gen,lam,lam_gen
6-pt,204.73614241066528,420.2866283642508,gaze-baseline-dyn,1.2159528114115417,5.045087893378423,1.0,
