subject,nll,bic,model,beta,beta_gen,lam,lam_gen
6-gaze-baseline-dyn,118.43860574041798,247.6915550237562,gaze-baseline-dyn,1.906513993771867,1.727774765053838,0.5722238769824969,0.5812110833769366
