subject,nll,bic,model,beta,beta_gen,lam,lam_gen
10-glickman1layer,184.21088129509013,379.2539633945891,gaze-baseline-dyn,1.249529086016254,11.420515402263485,0.5461013157340999,0.6074274725934814
