subject,nll,bic,model,beta,beta_gen,lam,lam_gen
38-eu,238.72797183051756,488.28814446544396,gaze-baseline-dyn,0.3168133707343423,1.428735775356979,0.31059212393388685,
