subject,nll,bic,model,beta,beta_gen,lam,lam_gen
36-mdft,246.0824026036085,502.99700601162584,gaze-baseline-dyn,0.06400233599322674,,0.058772637950585224,
