subject,nll,bic,model,beta,beta_gen,lam,lam_gen
4-gaze-baseline-stat,227.39636584721092,465.6249324988307,gaze-baseline-dyn,0.168546215388105,4.796546893528863,0.01998120158955927,
