subject,nll,bic,model,beta,beta_gen,lam,lam_gen
6-eu,201.0014975803283,412.81733870357687,gaze-baseline-dyn,1.2739691949306404,2.5971971789674257,1.0,
