subject,nll,bic,model,beta,beta_gen,lam,lam_gen
11-pt,238.20508987933,487.2423805630688,gaze-baseline-dyn,0.4701270190286783,10.752997283714455,0.6985045656087105,
