subject,nll,bic,model,beta,beta_gen,lam,lam_gen
0-pt,245.61165721937917,502.0555152431672,gaze-baseline-dyn,0.032429504262898506,0.8282409557904871,0.0,
