subject,nll,bic,model,beta,beta_gen,lam,lam_gen
0-mdft,232.85760584514213,476.5474124946931,gaze-baseline-dyn,0.5967890331312167,,0.6392224355465619,
