subject,nll,bic,model,beta,beta_gen,lam,lam_gen
35-eu,246.40289908210127,503.6379989686114,gaze-baseline-dyn,0.11116707941989787,8.589790751985792,0.4342630122517963,
