subject,nll,bic,model,beta,beta_gen,lam,lam_gen
20-pt,198.45195820052345,407.73611720545574,gaze-baseline-dyn,1.1551868265818537,27.574121348221983,0.7575483860071143,
