subject,nll,bic,model,beta,beta_gen,lam,lam_gen
12-mdft,241.6700748083502,494.17235042110923,gaze-baseline-dyn,0.4519865804427931,,1.0,
