subject,nll,bic,model,beta,beta_gen,lam,lam_gen
21-mdft,224.62916974223668,460.0905402888822,gaze-baseline-dyn,0.681286099132735,,0.661139205717288,
