subject,nll,bic,model,beta,beta_gen,lam,lam_gen
21-gaze-baseline-stat,186.60941780596835,384.05103641634554,gaze-baseline-dyn,0.18427364737329,8.345069234881178,0.002223471738482137,
