subject,nll,bic,model,beta,beta_gen,lam,lam_gen
14-eu,245.25990874500644,501.3520182944217,gaze-baseline-dyn,0.16947646046013665,0.5680517862063825,0.3714152118308729,
