subject,nll,bic,model,beta,beta_gen,lam,lam_gen
2-pt,229.17254541170212,469.1772916278131,gaze-baseline-dyn,0.3885894548885007,30.00289283889281,0.19765321152724977,
