subject,nll,bic,model,beta,beta_gen,lam,lam_gen
43-pt,243.44483596380988,497.7218727320286,gaze-baseline-dyn,0.2739332057876357,0.7150605320646904,0.503605036886645,
