subject,nll,bic,model,beta,beta_gen,lam,lam_gen
41-gaze-baseline-stat,202.14065983047792,415.03187647632416,gaze-baseline-dyn,0.3689017338964927,6.0801170949253205,0.030425389416770088,
