subject,nll,bic,model,beta,beta_gen,lam,lam_gen
35-mdft,238.0448921838239,486.9219851720566,gaze-baseline-dyn,0.2194473583703569,,0.11796611886088364,
