subject,nll,bic,model,beta,beta_gen,lam,lam_gen
22-pt,244.37937725095892,499.5909553063267,gaze-baseline-dyn,0.15409409167395166,8.314900145040697,0.17404791994768817,
