subject,nll,bic,model,beta,beta_gen,lam,lam_gen
17-pt,244.91256768746314,500.6573361793351,gaze-baseline-dyn,0.13708760880184198,11.84493420641816,0.2010886528695799,
