subject,nll,bic,model,beta,beta_gen,lam,lam_gen
0-eu,245.16139579116236,501.15499238673357,gaze-baseline-dyn,0.03684743498785933,0.5912193573663221,0.0,
