subject,nll,bic,model,beta,beta_gen,lam,lam_gen
21-pt,227.17837927334514,465.18895935109913,gaze-baseline-dyn,0.7334982748253106,15.42804920659817,0.8049288027855229,
