subject,nll,bic,model,beta,beta_gen,lam,lam_gen
11-eu,233.2299451312952,477.29209106699926,gaze-baseline-dyn,0.4220757722085269,10.753013320728677,0.35442329454984045,
