subject,nll,bic,model,beta,beta_gen,lam,lam_gen
27-mdft,230.08077718419366,470.99375517279617,gaze-baseline-dyn,0.4194804539138315,,0.14924584111482148,
