subject,nll,bic,model,beta,beta_gen,lam,lam_gen
5-mdft,220.9040159702884,452.64023274498567,gaze-baseline-dyn,0.916596251100653,,0.896108362059495,
