subject,nll,bic,model,beta,beta_gen,lam,lam_gen
12-pt,245.28023068689623,501.3926621782013,gaze-baseline-dyn,0.2691293801295781,13.496066054422936,1.0,
