subject,nll,bic,model,beta,beta_gen,lam,lam_gen
13-pt,235.55132829568151,481.93485739577187,gaze-baseline-dyn,0.6102302443543268,3.37435060358351,0.8970758132185844,
