subject,nll,bic,model,beta,beta_gen,lam,lam_gen
21-eu,230.60813726522537,472.0484753348596,gaze-baseline-dyn,0.5988337542620012,1.2134934594335964,0.6858914643102619,
