subject,nll,bic,model,beta,beta_gen,lam,lam_gen
6-mdft,202.6824214523113,416.17918644754286,gaze-baseline-dyn,1.042919327104498,,0.7203378676435866,
