subject,nll,bic,model,beta,beta_gen,lam,lam_gen
15-mdft,243.3332657085229,497.49873222145465,gaze-baseline-dyn,0.37949068225199356,,1.0,
