subject,nll,bic,model,beta,beta_gen,lam,lam_gen
31-eu,152.90237560378574,316.6369520119803,gaze-baseline-dyn,1.79683965180851,49.944977950781926,0.8536443094084961,
