subject,nll,bic,model,beta,beta_gen,lam,lam_gen
8-glickman1layer,194.20267838153052,399.2375575674699,gaze-baseline-dyn,0.966034811295957,9.258593702230275,0.4178247185951936,0.335493138857137
