subject,nll,bic,model,beta,beta_gen,lam,lam_gen
41-pt,237.13442031208024,485.0193974395288,gaze-baseline-dyn,0.08223832179350603,0.7430014959974113,1.0,
