subject,nll,bic,model,beta,beta_gen,lam,lam_gen
39-gaze-baseline-stat,224.65728862419343,460.1467780527957,gaze-baseline-dyn,0.35668642923347293,5.283236553417951,0.03401612467184107,
