subject,nll,bic,model,beta,beta_gen,lam,lam_gen
11-mdft,233.41990689575488,477.6720145959186,gaze-baseline-dyn,0.5544203829549577,,0.6422403080620481,
