subject,nll,bic,model,beta,beta_gen,lam,lam_gen
15-pt,243.56296231779984,497.95812544000853,gaze-baseline-dyn,0.2699172822988054,8.501004908117357,0.4031114363534384,
