subject,nll,bic,model,beta,beta_gen,lam,lam_gen
5-pt,229.8024219373351,470.43704467907907,gaze-baseline-dyn,0.7509735390817555,17.14475078817873,0.9073056779591427,
