subject,nll,bic,model,beta,beta_gen,lam,lam_gen
9-gaze-baseline-dyn,98.56557208283364,207.96334497007612,gaze-baseline-dyn,2.728371864191007,2.888440100239191,1.0,0.979996698477823
