subject,nll,bic,model,beta,beta_gen,lam,lam_gen
8-mdft,244.53757176126004,499.9073443269289,gaze-baseline-dyn,0.09793052662361346,,0.07194277214369794,
