subject,nll,bic,model,beta,beta_gen,lam,lam_gen
27-eu,240.8625715310787,492.5573438665662,gaze-baseline-dyn,0.26652722660727113,12.958706197217346,0.19084689598491952,
