subject,nll,bic,model,beta,beta_gen,lam,lam_gen
17-gaze-baseline-stat,203.00056110024065,416.83332300489013,gaze-baseline-dyn,0.4129503180568043,7.633593779348207,0.027201287830309794,
