subject,nll,bic,model,beta,beta_gen,lam,lam_gen
1-gaze-baseline-stat,206.5452345651825,423.92266993477386,gaze-baseline-dyn,0.32303536038810726,8.895561780994154,0.005432660327488925,
