subject,nll,bic,model,beta,beta_gen,lam,lam_gen
3-gaze-baseline-stat,203.0136314294606,416.85946366333,gaze-baseline-dyn,0.39134751728967987,7.780741773339563,0.0,
