subject,nll,bic,model,beta,beta_gen,lam,lam_gen
10-eu,237.19135286359216,485.21490653159316,gaze-baseline-dyn,0.29328641629244634,15.636891988538746,0.08871236705072556,
