subject,nll,bic,model,beta,beta_gen,lam,lam_gen
13-gaze-baseline-stat,195.72584109941297,402.2838830032348,gaze-baseline-dyn,0.1647695126897227,8.83982466197098,0.003991677709617027,
