subject,nll,bic,model,beta,beta_gen,lam,lam_gen
11-gaze-baseline-stat,198.22347404035202,407.2791488851129,gaze-baseline-dyn,0.39913420052571147,8.11208943150071,0.010869000718531719,
