subject,nll,bic,model,beta,beta_gen,lam,lam_gen
37-gaze-baseline-stat,196.2998181006523,403.4318370057134,gaze-baseline-dyn,0.22065177720274418,6.620788947761238,0.011377742780760555,
