subject,nll,bic,model,beta,beta_gen,lam,lam_gen
38-gaze-baseline-stat,202.96352239063373,416.7592455856763,gaze-baseline-dyn,0.3727600088686031,7.550364703585643,0.03409080744151439,
