subject,nll,bic,model,beta,beta_gen,lam,lam_gen
18-mdft,226.74679752011727,464.3257958446434,gaze-baseline-dyn,0.2886171839898577,,0.09277057362124638,
