subject,nll,bic,model,beta,beta_gen,lam,lam_gen
5-gaze-baseline-dyn,89.73793106113047,190.30806292666978,gaze-baseline-dyn,2.41724111114654,2.4444125383921813,0.5886056600868681,0.6669995009329768
