subject,nll,bic,model,alpha,alpha_gen,gamma,gamma_gen,beta,beta_gen,lam,lam_gen,theta,theta_gen
16-glickman1layer,79.96877377431696,187.01804955965602,glickman1layer,0.6291955393819658,0.6503021597247362,0.584991487900117,0.5960400178854309,5.150356955102365,4.440525235762162,0.5475751506572069,0.5407613401596417,0.8692214893183755,0.8554378893691114
