subject,nll,bic,model,alpha,alpha_gen,gamma,gamma_gen,beta,beta_gen,lam,lam_gen,theta,theta_gen
22-pt,206.53857063079968,440.15764327262144,glickman1layer,0.1942286489696937,0.2109992300346638,1.0,1.0,7.771863111560139,8.314900145040697,1.0,,1.0,
