subject,nll,bic,model,alpha,alpha_gen,gamma,gamma_gen,beta,beta_gen,lam,lam_gen,theta,theta_gen
13-pt,197.6480615168112,422.37662504464447,glickman1layer,0.7797088918368558,0.7880774048122124,1.0,0.9163473429216288,2.482730910824974,3.37435060358351,1.0,,0.990496094366461,
