subject,nll,bic,model,alpha,alpha_gen,gamma,gamma_gen,beta,beta_gen,lam,lam_gen,theta,theta_gen
16-pt,170.45332756085637,367.9871571327348,glickman1layer,0.66478232922247,0.6777391216421962,0.5889971569046436,0.6106278076453806,5.884488941664878,8.439788432393728,0.8616586017120809,,0.9963973540928512,
