subject,nll,bic,model,alpha,alpha_gen,gamma,gamma_gen,beta,beta_gen,lam,lam_gen,theta,theta_gen
23-pt,142.6446605099222,312.3698230308665,glickman1layer,1.1904582285851824,1.1391803593505805,0.9011959170348506,1.0,0.5619954825449892,0.8797157788529822,0.730938734681187,,1.0,
