subject,nll,bic,model,alpha,alpha_gen,gamma,gamma_gen,beta,beta_gen,lam,lam_gen,theta,theta_gen
24-eu,144.88798056446626,316.8564631399546,glickman1layer,0.2706446665308064,0.2664344620845438,1.0,,11.061558299238754,17.16138928032812,0.6315239246077616,,0.997301902621249,
