subject,nll,bic,model,alpha,alpha_gen,gamma,gamma_gen,beta,beta_gen,lam,lam_gen,theta,theta_gen
11-eu,164.8513920678466,356.7832861467153,glickman1layer,0.2625041598602618,0.2827413568558333,1.0,,8.895282363650791,10.753013320728677,0.8446316323459344,,1.0,
