subject,nll,bic,model,alpha,alpha_gen,gamma,gamma_gen,beta,beta_gen,lam,lam_gen,theta,theta_gen
13-eu,177.1552111860739,381.3909243831699,glickman1layer,0.7818674866141644,0.8317184464564858,0.8943908531438081,,2.0444615228409604,2.7298540109079523,0.5483012674115114,,0.9950045187567608,
