subject,nll,bic,model,alpha,alpha_gen,gamma,gamma_gen,beta,beta_gen,lam,lam_gen,theta,theta_gen
1-pt,156.67817051722196,340.436843045466,glickman1layer,0.3721003086323679,0.402222783143851,1.0,1.0,1.6794769343085334,5.220323768193317,0.2556073375057176,,1.0,
