subject,nll,bic,model,alpha,alpha_gen,gamma,gamma_gen,beta,beta_gen,lam,lam_gen,theta,theta_gen
0-eu,232.3278594515818,491.73622091418565,glickman1layer,0.5185232626105478,0.8438023626474559,0.7158928977747054,,1.262815773930014,0.5912193573663221,0.6096061229888271,,1.0,
