subject,nll,bic,model,alpha,alpha_gen,gamma,gamma_gen,beta,beta_gen
38-glickman1layer,174.22782326895276,364.70394774451876,pt,0.7887059139800293,0.7198049575836738,0.7116741306904895,0.7303070981809181,4.518497600614255,0.9095176070500912
