subject,nll,bic,model,alpha,alpha_gen,gamma,gamma_gen,beta,beta_gen
23-mdft,169.81359429186847,355.8754897903502,pt,1.198433105530741,,1.0,,0.5956280533649665,
