subject,nll,bic,model,alpha,alpha_gen,gamma,gamma_gen,beta,beta_gen
24-mdft,165.2235805876877,346.69546238198865,pt,0.255973029357905,,1.0,,13.642093555362978,
