subject,nll,bic,model,alpha,alpha_gen,gamma,gamma_gen,beta,beta_gen
20-mdft,114.0367076453294,244.32171649727206,pt,0.24504201887648847,,1.0,,26.410810363314734,
