subject,nll,bic,model,alpha,alpha_gen,gamma,gamma_gen,beta,beta_gen
37-mdft,164.26678664783407,344.78187450228137,pt,0.3502462158918001,,0.6134551030248311,,19.06223394231739,
