subject,nll,bic,model,alpha,alpha_gen,gamma,gamma_gen,beta,beta_gen
6-mdft,109.859909515401,235.94133434518236,pt,0.8976727961704837,,0.9146363860179954,,4.6434686544863615,
