subject,nll,bic,model,alpha,alpha_gen,gamma,gamma_gen,beta,beta_gen
10-mdft,244.70977545650823,505.6678521196297,pt,0.08556438149321158,,0.28,,10.577111881441779,
