subject,nll,bic,model,alpha,alpha_gen,gamma,gamma_gen,beta,beta_gen
6-gaze-baseline-stat,240.5419173928099,497.30535010000017,pt,0.6438161735054977,,0.5557133460430129,,1.3135345943118344,4.108056738821963
