subject,nll,bic,model,alpha,alpha_gen,gamma,gamma_gen,beta,beta_gen
19-mdft,218.621395412832,453.4910920322772,pt,0.5594994310484273,,0.5789185999123623,,3.668226690237926,
