subject,nll,bic,model,alpha,alpha_gen,gamma,gamma_gen,beta,beta_gen
9-glickman1layer,162.16843564324768,340.5851724931086,pt,0.2556745218088055,0.2283286773933103,1.0,1.0,14.377466621316984,4.7242545390726205
