subject,nll,bic,model,alpha,alpha_gen,gamma,gamma_gen,beta,beta_gen
4-pt,206.89231179032964,430.0329247872725,pt,0.4502984239539977,0.3935879190096814,1.0,1.0,2.6288134501746643,3.026507879343053
