subject,nll,bic,model,alpha,alpha_gen,gamma,gamma_gen,beta,beta_gen
14-mdft,242.79248841758783,501.8332780417889,pt,0.0,,0.3046388823564275,,9.439372885122449,
