subject,nll,bic,model,alpha,alpha_gen,gamma,gamma_gen,beta,beta_gen
18-mdft,134.6141714047148,285.4766440160428,pt,0.4689344584760594,,1.0,,11.370115026610824,
