subject,nll,bic,model,alpha,alpha_gen,gamma,gamma_gen,beta,beta_gen
8-glickman1layer,164.85763182975631,345.96356486612586,pt,0.1572211664353187,0.1488223933716889,1.0,1.0,18.721910525415424,9.258593702230275
