subject,nll,bic,model,alpha,alpha_gen,gamma,gamma_gen,beta,beta_gen
41-mdft,223.53600977290876,463.19785476887,pt,0.6398277852581673,,1.0,,0.8241577417624627,
