subject,nll,bic,model,alpha,alpha_gen,gamma,gamma_gen,beta,beta_gen
41-eu,220.93188633070383,457.98960788446016,pt,0.6446989726787542,0.7008334620519882,1.0,,0.8898476186963004,0.7430012248854967
