subject,nll,bic,model,alpha,alpha_gen,gamma,gamma_gen,beta,beta_gen
0-mdft,217.1509704161214,450.550242038856,pt,0.6409197205296603,,0.9695223748874516,,1.5294439249232745,
