subject,nll,bic,model,alpha,alpha_gen,gamma,gamma_gen,beta,beta_gen
38-mdft,203.48375019662996,423.21580159987315,pt,0.9880939382745788,,1.0,,1.53121722719639,
