subject,nll,bic,model,alpha,alpha_gen,gamma,gamma_gen,beta,beta_gen
8-gaze-baseline-stat,246.4310676717714,509.110436550156,pt,0.3346132852332703,,1.0,,0.4378288055782505,4.149588353871193
