subject,nll,bic,model,alpha,alpha_gen,gamma,gamma_gen,beta,beta_gen
38-pt,182.40807348325416,381.06444817312155,pt,0.7981795633685685,0.8074221560786377,0.7444524349592622,0.7385376625337426,4.065200910074846,4.034852471878214
