subject,nll,bic,model,alpha,alpha_gen,gamma,gamma_gen,beta,beta_gen
34-eu,159.40789346426317,335.06408813513957,pt,0.7106298720639986,0.644869385973893,1.0,,2.379145780755621,2.7343117443582257
