subject,nll,bic,model,alpha,alpha_gen,gamma,gamma_gen,beta,beta_gen
7-glickman1layer,162.684084254972,341.6164697165572,pt,0.7844824028473192,0.6922286485971777,0.7137592481654172,0.6327606164994154,4.169890695027331,1.0183563597219791
