subject,nll,bic,model,alpha,alpha_gen,gamma,gamma_gen,beta,beta_gen
41-gaze-baseline-stat,233.34963431876656,482.8251038605856,pt,0.6604873323816893,,1.0,,0.3943102917094254,6.0801170949253205
