subject,nll,bic,model,alpha,alpha_gen,gamma,gamma_gen,beta,beta_gen
1-mdft,161.09744894404508,338.4431990947034,pt,0.45940870565984904,,1.0,,3.985208705726572,
