subject,nll,bic,model,alpha,alpha_gen,gamma,gamma_gen,beta,beta_gen
4-mdft,209.69973259572183,435.6477663980569,pt,0.2644286524167284,,0.7321719253966367,,7.156273529220252,
