subject,nll,bic,model,alpha,alpha_gen,gamma,gamma_gen,beta,beta_gen
8-mdft,157.90816349728817,332.0646282011896,pt,0.13775251134724417,,1.0,,19.57079243111317,
