subject,nll,bic,model,alpha,alpha_gen,gamma,gamma_gen,beta,beta_gen
17-mdft,175.20988790537933,366.6680770173719,pt,0.4474562417576643,,1.0,,5.338944116170108,
