subject,nll,bic,model,alpha,alpha_gen,gamma,gamma_gen,beta,beta_gen
31-mdft,71.00069268379593,158.24968657420513,pt,0.038393543171885335,,0.822021603095966,,49.99241241645651,
