subject,nll,bic,model,alpha,alpha_gen,gamma,gamma_gen,beta,beta_gen
6-glickman1layer,103.39939520594665,223.02030572627365,pt,0.8423617189972957,0.892776738152458,0.8060954604692376,0.8771669693012798,5.5862087049352365,2.0783188193875426
