subject,nll,bic,model,alpha,alpha_gen,gamma,gamma_gen,beta,beta_gen
13-mdft,185.51185665819355,387.27201452300034,pt,0.8456923710722966,,0.9468377048170838,,2.7797797518115894,
