subject,nll,bic,model,alpha,alpha_gen,gamma,gamma_gen,beta,beta_gen
37-glickman1layer,159.06584122808886,334.37998366279095,pt,0.3624144104108087,0.3474245791232702,0.3808483644708585,0.4056714680128091,41.73347294176706,5.080639756677683
