subject,nll,bic,model,alpha,alpha_gen,gamma,gamma_gen,beta,beta_gen
43-eu,211.61525735625509,439.4788159191234,pt,1.1883505446197955,1.0669044555028406,1.0,,0.4617225495723612,0.7150495757864478
