subject,nll,bic,model,alpha,alpha_gen,gamma,gamma_gen,beta,beta_gen
39-gaze-baseline-dyn,243.15629644911564,502.5608941048445,pt,0.7657390847083667,,0.4955304456370473,,0.6495456900287486,1.065235901843076
