subject,nll,bic,model,alpha,alpha_gen,gamma,gamma_gen,beta,beta_gen
33-mdft,171.086432561165,358.42116632894323,pt,0.4960036564426068,,0.7242819472305295,,9.46586852475613,
