subject,nll,bic,model,alpha,alpha_gen,gamma,gamma_gen,beta,beta_gen
30-mdft,129.45415298802604,275.1566071826653,pt,0.32535634153596543,,1.0,,18.18470258015649,
