subject,nll,bic,model,alpha,alpha_gen,gamma,gamma_gen,beta,beta_gen
2-mdft,105.41150984389441,227.07132089440208,pt,0.15554159317876876,,1.0,,37.22758012531125,
