subject,nll,bic,model,alpha,alpha_gen,gamma,gamma_gen,beta,beta_gen
38-gaze-baseline-dyn,225.3161997561677,466.8807007189486,pt,1.0241158706926472,,0.738051108722333,,0.5929181575015808,1.1660557525468682
