subject,nll,bic,model,alpha,alpha_gen,gamma,gamma_gen,beta,beta_gen
34-mdft,153.43482919172925,323.11795959007173,pt,0.4840163001042989,,0.6380486481897674,,8.802286130000777,
