subject,nll,bic,model,alpha,alpha_gen,gamma,gamma_gen,beta,beta_gen
33-pt,179.2977782330414,374.84385767269606,pt,0.4806072008814743,0.5035245640680424,0.6128734624390944,0.6602230530057908,10.764159109398843,9.176392301461494
