subject,nll,bic,model,alpha,alpha_gen,gamma,gamma_gen,beta,beta_gen
22-mdft,207.54078736664047,431.3298759398942,pt,0.18579359753388724,,1.0,,7.562041581183056,
