subject,nll,bic,model,alpha,alpha_gen,gamma,gamma_gen,beta,beta_gen
37-eu,225.68639734568643,467.6210958979861,pt,0.5020227418848799,0.5085543802819348,1.0,,2.43512798177787,3.4183546967688434
