subject,nll,bic,model,alpha,alpha_gen,gamma,gamma_gen,beta,beta_gen
33-eu,181.8431276274502,379.93455646151364,pt,0.5320296158101558,0.5733197961247086,0.8670582588107068,,6.427988197795161,4.968995843022225
