subject,nll,bic,model,alpha,alpha_gen,gamma,gamma_gen,beta,beta_gen
5-mdft,182.65922688951576,381.56675498564476,pt,0.16381352475426633,,1.0,,17.165642310745184,
