subject,nll,bic,model,alpha,alpha_gen,gamma,gamma_gen,beta,beta_gen
26-mdft,133.1326110828091,282.5135233722314,pt,0.32166939869518396,,1.0,,12.512547467281319,
