subject,nll,bic,model,alpha,alpha_gen,gamma,gamma_gen,beta,beta_gen
21-mdft,169.4357434829335,355.11978817248024,pt,0.4876794430547901,,0.5539724227231551,,9.549308888862049,
