subject,nll,bic,model,alpha,alpha_gen,gamma,gamma_gen,beta,beta_gen
3-mdft,209.372265936463,434.99283307953925,pt,0.5288415531037829,,0.980826042793073,,2.346569468900708,
