subject,nll,bic,model,alpha,alpha_gen,gamma,gamma_gen,beta,beta_gen
27-mdft,182.66375674840154,381.5758147034163,pt,0.23053271565739153,,1.0,,10.26967214350843,
