subject,nll,bic,model,alpha,alpha_gen,gamma,gamma_gen,beta,beta_gen
32-glickman1layer,160.83509326132304,337.9184877292593,pt,1.104653515248915,1.1627844849600717,0.8967949115353914,1.0,1.0999826130406425,0.1652686840457516
