subject,nll,bic,model,alpha,alpha_gen,gamma,gamma_gen,beta,beta_gen
8-gaze-baseline-dyn,242.0652520770691,500.3788053607514,pt,0.1764451334316373,,1.0,,1.7158563665039777,1.2319964964222891
