subject,nll,bic,model,alpha,alpha_gen,gamma,gamma_gen,beta,beta_gen
16-mdft,170.81568206746059,357.8796653415344,pt,0.8479172608888644,,0.8484343543687399,,2.9863265033608544,
