subject,nll,bic,model,alpha,alpha_gen,gamma,gamma_gen,beta,beta_gen
11-mdft,149.90688153945558,316.0620642855244,pt,0.2434391329978462,,0.7640695109358148,,15.86045185339797,
