subject,nll,bic,model,alpha,alpha_gen,gamma,gamma_gen,beta,beta_gen
15-mdft,194.5354894460176,405.31928009864845,pt,0.22273076546205123,,0.7566208864605517,,11.374641857854487,
