subject,nll,bic,model,alpha,alpha_gen,gamma,gamma_gen,beta,beta_gen
43-pt,218.64658752285845,453.54147625233014,pt,1.0332509432879404,1.0669027217329816,1.0,1.0,0.884004528216013,0.7150605320646904
