subject,nll,bic,model,alpha,alpha_gen,gamma,gamma_gen,beta,beta_gen
36-mdft,225.7483155157966,467.74493223820645,pt,0.19340672132789677,,0.9076560963736539,,4.1791548824391835,
