subject,nll,bic,model,alpha,alpha_gen,gamma,gamma_gen,beta,beta_gen
35-mdft,189.21147368636628,394.6712485793458,pt,0.23230093821305048,,1.0,,9.999565213563425,
