subject,nll,bic,model,alpha,alpha_gen,gamma,gamma_gen,beta,beta_gen
34-glickman1layer,181.7493082914704,379.74691778955406,pt,0.6494954770626747,0.5913620030924283,1.0,0.8908104993757019,2.3294592104272405,1.1650110875492383
