subject,nll,bic,model,alpha,alpha_gen,gamma,gamma_gen,beta,beta_gen
7-mdft,168.90566336880704,354.0596279442273,pt,0.8825774131661642,,0.8459366920084967,,2.574296291997677,
