subject,nll,bic,model,alpha,alpha_gen,gamma,gamma_gen,beta,beta_gen
42-glickman1layer,226.62664471365923,469.5015906339317,pt,0.5978678725790314,0.4864751507311212,0.5668563237967972,0.4567152746694632,3.79982887198105,4.145331676837502
