subject,nll,bic,model,alpha,alpha_gen,gamma,gamma_gen,beta,beta_gen
9-mdft,158.51430545563687,333.276912117887,pt,0.2900826894574373,,1.0,,13.143586844036166,
