subject,nll,bic,model,alpha,alpha_gen,gamma,gamma_gen,beta,beta_gen
32-gaze-baseline-stat,246.8111435566686,509.87058831995046,pt,0.3546609973265831,,1.0,,0.3027084850785927,1.3153576653955958
