subject,nll,bic,model,alpha,alpha_gen,gamma,gamma_gen,beta,beta_gen
6-gaze-baseline-dyn,207.3750895503468,430.9716944150739,pt,0.9112598464145182,,0.8666984989954943,,1.1856059597731707,1.727774765053838
