subject,nll,bic,model,alpha,alpha_gen,gamma,gamma_gen,beta,beta_gen
42-pt,213.2496324122048,442.7475660310228,pt,0.6020911046279485,0.5776994748996027,0.5754141363588836,0.5446436529575965,4.970798692927384,4.053178545048437
