subject,nll,bic,model,alpha,alpha_gen,gamma,gamma_gen,beta,beta_gen
5-pt,173.4329668609053,363.11423492842385,pt,0.1473071012888509,0.1750321945665096,0.7983945408195356,1.0,24.24474049001915,17.14475078817873
