subject,nll,bic,model,alpha,alpha_gen,gamma,gamma_gen,beta,beta_gen
43-mdft,244.7437596163757,505.73582043936466,pt,1.0298339908720051,,1.0,,0.2358933749087131,
