subject,nll,bic,model,alpha,alpha_gen,gamma,gamma_gen,beta,beta_gen
7-pt,153.7177931176184,323.68388744185006,pt,0.8612791282815825,0.8148753056489892,0.8240863988533011,0.7336018129100068,3.32121316190747,3.4572620281730004
