subject,nll,bic,model,alpha,alpha_gen,gamma,gamma_gen,beta,beta_gen
12-mdft,139.5144930452176,295.2772872970484,pt,0.2848740330803128,,1.0,,19.184379507943742,
