subject,nll,bic,model,alpha,alpha_gen,gamma,gamma_gen,beta,beta_gen
39-mdft,193.6348926049849,403.51808641658306,pt,1.457269574682953,,1.0,,0.15574712024029852,
