subject,nll,bic,model,alpha,alpha_gen,gamma,gamma_gen,beta,beta_gen
42-mdft,226.20139151130263,468.6510842292185,pt,0.9138929986020656,,1.0,,0.7286232805073413,
