subject,nll,bic,model,alpha,alpha_gen,gamma,gamma_gen,beta,beta_gen
31-gaze-baseline-stat,245.0547869129188,506.3578750324508,pt,0.0,,0.28,,8.08518452569683,6.992874960679613
