subject,nll,bic,model,alpha,alpha_gen,gamma,gamma_gen,beta,beta_gen
32-mdft,146.88303550487342,310.0143722163601,pt,1.6842249853212412,,1.0,,0.13245382709087597,
