,subject,nll,bic,model,alpha,gamma,eta,phi,wd,w_p,beta
9,9,153.70816019974058,345.32902321491207,sb_int-multiplicative_comp-vsmean_gbatt-true_gbalt-false_lk-none_inh-distance-dependent,0.26350326506399036,1.0,0.40999968260384834,2.2116304485613748e-05,19.155379572262706,1.0,0.7241085369890099
