,subject,nll,bic,model,alpha,gamma,theta,lam,phi,beta
13,13,82.37883587907626,197.25427417137905,sb_int-multiplicative_comp-absolute_gbatt-false_gbalt-true_lk-free_inh-gaze-dependent,0.7004884294301463,0.8764319133044974,0.4511164967938341,0.9136677549943568,0.0,0.45545660732870785
