,subject,nll,bic,model,w_p,theta,lam,phi,beta
12,12,119.65721421740275,266.3949304458276,sb_int-additive_comp-vsmean_gbatt-false_gbalt-true_lk-gaze-dependent_inh-gaze-dependent,0.8077128660770675,0.765967258925655,0.8112617850036106,-8.673617379884035e-19,7.956891320128089
