,subject,nll,bic,model,w_p,theta,lam,phi,beta
17,17,124.21899115750983,275.51848432604174,sb_int-additive_comp-vsmean_gbatt-false_gbalt-true_lk-gaze-dependent_inh-gaze-dependent,0.6732439381886705,0.6278588415541393,0.8071842263646475,0.0,4.585410412539062
