,subject,nll,bic,model,w_p,theta,lam,phi,beta
42,42,108.32714782434542,243.73479765971294,sb_int-additive_comp-vsmean_gbatt-false_gbalt-true_lk-gaze-dependent_inh-gaze-dependent,0.5183034998685069,0.3262328089888553,0.6176915524816979,0.0,3.7830668582105056
