,subject,nll,bic,model,alpha,gamma,lam,phi,beta
27,27,118.8222854042411,264.7250728195043,sb_int-multiplicative_comp-absolute_gbatt-false_gbalt-false_lk-free_inh-gaze-dependent,0.2351117494732702,1.0,0.8621988068368307,0.08542423507593985,2.0265645211337233
