,subject,nll,bic,model,w_p,eta,phi,wd,beta
27,27,183.6958852028045,394.4722724166311,sb_int-additive_comp-absolute_gbatt-true_gbalt-false_lk-none_inh-distance-dependent,0.8208717174994857,0.9747852426083746,2.878719763934194e-05,46.4141354894285,3.0724101657986727
