,subject,nll,bic,model,w_p,eta,phi,wd,beta
12,12,185.20458008322254,397.48966217746715,sb_int-additive_comp-absolute_gbatt-true_gbalt-false_lk-none_inh-distance-dependent,0.7794714497706069,1.0,3.349059759107832e-07,44.12573535642691,2.603341717060336
