,subject,nll,bic,model,w_p,lam,phi,beta
39,39,128.36584232535506,278.3960862595278,sb_int-additive_comp-absolute_gbatt-false_gbalt-false_lk-free_inh-gaze-dependent,0.3556587187553674,0.7018211700789185,0.14306784622278113,10.0
