,subject,nll,bic,model,w_p,lam,phi,beta
20,20,60.595474052214556,142.8553497132468,sb_int-additive_comp-absolute_gbatt-false_gbalt-false_lk-free_inh-gaze-dependent,0.9245668380265654,0.3073627011600207,0.5411840782495195,10.0
