,subject,nll,bic,model,w_p,theta,phi,beta
18,18,135.2054037094973,292.07520902781226,sb_int-additive_comp-absolute_gbatt-false_gbalt-true_lk-none_inh-gaze-dependent,0.6846835309186665,0.8806712929247477,0.003318257384472981,3.2842882080857985
