,subject,nll,bic,model,w_p,theta,phi,beta
33,33,175.5964164997518,372.8572346083213,sb_int-additive_comp-absolute_gbatt-false_gbalt-true_lk-none_inh-gaze-dependent,0.615933023740225,0.920088731648883,0.030709719859989566,2.046196287851178
