,subject,nll,bic,model,w_p,lam,phi,wd,beta
3,3,179.13265137318223,385.34580475738653,sb_int-additive_comp-vsmean_gbatt-false_gbalt-false_lk-gaze-dependent_inh-distance-dependent,0.7074387339704168,0.11580508091147093,1.1678764049141022e-05,3.5705747796998444,9.205370854087235
