,subject,nll,bic,model,w_p,lam,phi,beta
33,33,194.15729671504369,409.97899503890505,sb_int-additive_comp-vsmean_gbatt-false_gbalt-false_lk-gaze-dependent_inh-gaze-dependent,0.650008359541727,0.5109051691282905,0.384180289747656,5.972520777805883
