,subject,nll,bic,model,w_p,lam,phi,beta
1,1,151.6334187141171,324.9312390370519,sb_int-additive_comp-vsmean_gbatt-false_gbalt-false_lk-gaze-dependent_inh-gaze-dependent,0.6937847130276479,0.722488522045999,0.33556645605146385,2.1794823190656754
