,subject,nll,bic,model,alpha,gamma,theta,lam,phi,beta
21,21,43.01424223962323,118.52508689247298,sb_int-multiplicative_comp-vsmean_gbatt-false_gbalt-true_lk-gaze-dependent_inh-free,0.422218884324089,0.5374518805345785,0.7982012629733802,0.12443196265188713,0.0,5.662028234047134
