model,alpha,exp_r,xp,pxp
eu,1,0.0222222222222222,0,1.75033292709733e-18
gaze_baseline_dyn,1.93857608576583,0.0430794685725739,0,1.75033292709733e-18
gaze_baseline_stat,1,0.0222222222222222,0,1.75033292709733e-18
glickman1layer,37.0614242425149,0.82358720538922,1,1
mdft,3.99999967171926,0.0888888815937613,0,1.75033292709733e-18
