,subject,nll,bic,model,w_p,lam,phi,wd,beta
36,36,122.35987337346975,271.8002487579616,sb_int-additive_comp-absolute_gbatt-false_gbalt-false_lk-gaze-dependent_inh-distance-dependent,0.9614111789582074,0.12404199417049047,7.369820798183657e-05,39.63869952266349,3.5128183108868494
