,subject,nll,bic,model,w_p,phi,wd,beta
2,2,147.32443379732433,316.31326920346635,sb_int-additive_comp-vsmean_gbatt-false_gbalt-false_lk-none_inh-distance-dependent,0.8824373221502122,0.00013433054465723554,43.87668885845071,1.611613961599344
