,subject,nll,bic,model,w_p,phi,wd,beta
13,13,1132.8717227531417,2287.407847115101,sb_int-additive_comp-vsmean_gbatt-false_gbalt-false_lk-none_inh-distance-dependent,0.5259709571997371,0.18315238788178578,3.486211299870341,2.9922305832646807
