,subject,nll,bic,model,w_p,phi,wd,beta
8,8,174.3221395544002,370.3086807176181,sb_int-additive_comp-vsmean_gbatt-false_gbalt-false_lk-none_inh-distance-dependent,0.8951943889396154,0.00014424129851120973,42.63622779517285,0.8858103801155236
