,subject,nll,bic,model,w_p,phi,wd,beta
4,4,218.62271452244943,458.90983065371654,sb_int-additive_comp-vsmean_gbatt-false_gbalt-false_lk-none_inh-distance-dependent,0.6962290701761173,5.429691674991775e-05,14.309931921886827,0.31110126359894785
