,subject,nll,bic,model,alpha,gamma,theta,phi,beta
37,37,132.951028120333,292.9825582516881,sb_int-multiplicative_comp-absolute_gbatt-false_gbalt-true_lk-none_inh-free,0.34020284739084594,0.33291653216062844,0.8240582198920442,0.0,1.6429281574813912
