,subject,nll,bic,model,alpha,gamma,theta,phi,beta
19,19,182.12705413543006,391.3346102818822,sb_int-multiplicative_comp-absolute_gbatt-false_gbalt-true_lk-none_inh-free,0.511479810320866,0.5152076406019565,0.5084207683769688,0.0,0.26331012232525514
