,subject,nll,bic,model,w,wd,phi1,phi2,sig2
11,11,153.5446746515852,334.1698513141925,mdft,0.6281871374802007,1.0,569.8824777273616,0.0036619978810396065,0.1957103717544123
