,subject,nll,bic,model,w,wd,phi1,phi2,sig2
24,24,122.59002266561843,272.260547342259,mdft,0.7159723187158941,4.689971695621333,46.30332237272999,0.03890997033131252,0.03617011212580961
