,subject,nll,bic,model,w,wd,phi1,phi2,sig2
20,20,101.82652047619722,230.73354296341654,mdft,0.7368843552534504,2.9838514746406077,172.35963105444657,0.01025662475210549,0.032819416310457226
