,subject,nll,bic,model,w,wd,phi1,phi2,sig2
42,42,230.9562072911299,488.9929165932819,mdft,0.45605095823871333,1.0,735.199375354092,0.01639839538440427,0.5941827912929746
