,subject,nll,bic,model,w,wd,phi1,phi2,sig2
35,35,152.15361727629187,331.3877365636058,mdft,0.7198232576965832,13.028168755311812,966.5800105314032,0.12456566374459269,0.012855429992882831
