,subject,nll,bic,model,w,wd,phi1,phi2,sig2
23,23,148.99765126553484,325.07580454209176,mdft,0.3898443605521683,5.89554658805381,93.02440195696093,0.016824676078165613,0.06842158071286819
