,subject,nll,bic,model,w,wd,phi1,phi2,sig2
21,21,167.2408952869266,361.56229258487525,mdft,0.570354039337292,36.81332165128484,580.2450228276101,0.17211331245363837,0.0023748542627300044
