,subject,nll,bic,model,w,wd,phi1,phi2,sig2
18,18,125.52123277062798,278.12296755227806,mdft,0.5909148876688778,1.0,486.571476465934,0.007118639433765566,0.0387277524804666
