,subject,nll,bic,model,w,wd,phi1,phi2,sig2
30,30,99.43036450440242,225.94123101982694,mdft,0.6828744930532918,3.826914021397428,217.0026289659864,0.025543771600240444,0.018106753733785206
