,subject,nll,bic,model,w,wd,phi1,phi2,sig2
16,16,174.57241032736692,376.2253226657559,mdft,0.4656093745287711,48.140517242612056,611.6199472443415,0.0,0.15535677590886218
