,subject,nll,bic,model,w,wd,phi1,phi2,sig2
13,13,165.57316939390506,358.2268407988322,mdft,0.5130992125876535,1.0,304.31929793311014,0.02566833679289396,0.05148501899478244
