,subject,nll,bic,model,w,wd,phi1,phi2,sig2
1,1,150.07521916249993,327.23094033602194,mdft,0.5115192788788558,30.142375234765478,996.3256125091054,0.23366862093754653,0.002163669556668077
