,subject,nll,bic,model,w,wd,phi1,phi2,sig2
37,37,155.1707038048167,337.42190962065547,mdft,0.6566112231974903,50.0,1000.0,0.15229878582333092,0.00045030037000417394
