,subject,nll,bic,model,w,wd,phi1,phi2,sig2
5,5,148.66292666645344,324.40635534392896,mdft,0.7447224714725178,10.536193975733138,13.92404047814172,0.04094359500932074,0.0733858006153126
