,subject,nll,bic,model,w,wd,phi1,phi2,sig2
26,26,161.2482553590221,349.57701272906627,mdft,0.6016607713803013,42.76185528566557,993.2311749996569,0.14474098365563895,0.0020749393680790868
