,subject,nll,bic,model,w,wd,phi1,phi2,sig2
38,38,168.2158229008283,363.5121478126787,mdft,0.47040168150046574,2.9642319631627596,280.4381819877674,0.027698252395854727,0.05185827694280957
