,subject,nll,bic,model,w,wd,phi1,phi2,sig2
14,14,235.73992729622663,498.5603566034753,mdft,1.0,31.70096241804135,493.1285586791465,0.7913090590050956,6.101440616791688
