,subject,nll,bic,model,w,wd,phi1,phi2,sig2
9,9,141.02066975942938,309.12184152988084,mdft,0.706923804358516,35.81496153575128,2.7890317342959206,0.044584319879448775,0.044689722862306026
