,subject,nll,bic,model,w,wd,phi1,phi2,sig2
4,4,206.62597147032835,440.3324449516788,mdft,0.6315738012634193,14.137148850578717,909.4870824274215,0.1592820872857317,0.03870394366183389
