,subject,nll,bic,model,w,wd,phi1,phi2,sig2
0,0,177.55065994784613,382.18182190671433,mdft,0.446862290496997,1.0,593.4133719278226,0.07045097103290106,0.06712858422876883
