,subject,nll,bic,model,w,wd,phi1,phi2,sig2
43,43,223.11864700053388,473.31779601208984,mdft,0.5128753082705225,50.0,14.393901946935877,0.1885934538522533,24.235909754239973
