,subject,nll,bic,model,w,wd,phi1,phi2,sig2
31,31,58.10777924842512,143.29606050787234,mdft,0.9591407259066419,2.4346334588070255,116.00858411004654,0.013170066021737384,0.041386510304579925
