,subject,nll,bic,model,w,wd,phi1,phi2,sig2
3,3,208.1115687469947,443.30363950501146,mdft,0.5420896811670428,39.32524439994443,818.5234450848068,0.0,0.9696786918774741
