,subject,nll,bic,model,w,wd,phi1,phi2,sig2
41,41,204.15296175493143,435.3864255208849,mdft,0.4768224728845929,2.9571662605067215,41.73856190916965,0.03286750953856368,0.2348908869908878
