,subject,nll,bic,model,w,wd,phi1,phi2,sig2
39,39,181.74354905983094,390.56760013068396,mdft,0.27943986575202656,3.2749443379903607,861.2534436366159,0.0,0.7440938038080747
