,subject,nll,bic,model,w,wd,phi1,phi2,sig2
17,17,175.78133125010595,378.643164511234,mdft,0.6300687445398482,26.028918718130146,985.1323410077783,0.1442942305439156,0.006133653251983202
