,subject,nll,bic,model,w,wd,phi1,phi2,sig2
32,32,117.45140003189879,261.9833020748197,mdft,0.16214974750675293,6.355176321395894,994.424338330619,0.46782701970491325,0.00402619951811462
