,subject,nll,bic,model,w,wd,phi1,phi2,sig2
12,12,156.47883793142609,340.03817787387425,mdft,0.71144677954865,48.656877580620424,466.089099168651,0.06025313696295836,0.011538624003300621
