,subject,nll,bic,model,w,wd,phi1,phi2,sig2
8,8,139.72491858254045,306.530339176103,mdft,0.7970253669314722,16.042148115500318,11.696636769572045,0.049040361389356836,0.054715055064708314
