,subject,nll,bic,model,w,wd,phi1,phi2,sig2
36,36,194.69707890018776,416.4746598113976,mdft,0.7458313785786599,40.65041331808816,893.6810633396929,0.0,2.9498380989686357
