,subject,nll,bic,model,w,wd,phi1,phi2,sig2
22,22,163.15043507278352,353.3813721565891,mdft,0.6857398765376629,4.484607176768183,35.475768722235514,0.07543144245865369,0.0674557908024253
