,subject,nll,bic,model,w,wd,phi1,phi2,sig2
10,10,247.46915445156344,522.018810914149,mdft,0.48979536867030027,50.0,873.0088733527954,1.0,934.7879153593008
