,subject,nll,bic,model,w,wd,phi1,phi2,sig2
27,27,139.80213396395573,306.6847699389335,mdft,0.7098162038341974,9.630365363400333,15.385606898849844,0.062326561143074936,0.06192570038781577
