,subject,nll,bic,model,w,wd,phi1,phi2,sig2
6,6,101.9085757230987,230.89765345721952,mdft,0.4596056229143993,1.0,91.62076877958573,0.012185519547577298,0.013837681384647723
