,subject,nll,bic,model,w,wd,phi1,phi2,sig2
33,33,153.95849133687466,334.9974846847714,mdft,0.6168526412900203,1.6839737091832163,110.10474908520719,0.056475551305374766,0.045191541352464164
