,subject,nll,bic,model,w,wd,phi1,phi2,sig2
7,7,121.05513774468972,269.1907775004015,mdft,0.43882298851269846,3.0604286525284743,942.8928261178002,0.030343636466466675,0.020831872386935395
