,subject,nll,bic,model,w,wd,phi1,phi2,sig2
19,19,173.32748181893226,373.7354656488866,mdft,0.4944152172686561,6.894906602354661,961.958119616384,0.1859380474737107,0.016284470968510722
