,subject,nll,bic,model,w,wd,phi1,phi2,sig2
15,15,190.67522784446442,408.4309576999509,mdft,0.7117893493925178,27.43532453542361,768.161107150497,0.06236505430657454,0.04837988184542034
