,subject,nll,bic,model,w,wd,phi1,phi2,sig2
34,34,148.38393823431892,323.8483784796599,mdft,0.567134224598602,16.231870240655827,623.5880517820965,0.05812016271689087,0.016789855133746718
