subject,nll,bic,model,alpha,gamma,beta,lam,theta
17,112.10554694027695,251.291595891576,glickman1layerduration,0.3651007653389139,0.5755881780070138,1.02073219133344,0.06075272381693536,0.6334495220919593
