subject,nll,bic,model,alpha,gamma,beta,lam,theta
11,79.18801933670335,185.4565406844288,glickman1layerduration,0.27144762917027665,1.0,1.531256924049893,0.08776730511181828,0.6543133904237166
