subject,nll,bic,model,alpha,gamma,beta,lam,theta
21,43.61738614609125,114.3152743032046,glickman1layerduration,0.4757539930014244,0.574557503817334,2.8545245917402324,0.18798566439519984,0.7560855694172173
