subject,nll,bic,model,alpha,gamma,beta,lam,theta
1,120.653346349128,268.3871947092781,glickman1layerduration,0.4189328276957674,1.0,0.37781413623033133,0.04331724030539863,0.4751517214686164
