subject,nll,bic,model,alpha,gamma,beta,lam,theta
24,84.20768346604089,195.4958689431039,glickman1layerduration,0.25756752989633674,1.0,1.8634778881417227,0.07136754848363823,0.7421983475464048
