subject,nll,bic,model,alpha,gamma,beta,lam,theta
14,130.70859992934726,288.4977018697166,glickman1layerduration,0.40097719757125544,0.3405879048255737,5.0,0.19111993162798202,0.7636541790352239
