subject,nll,bic,model,alpha,gamma,beta,lam,theta
13,88.89720867482757,204.87491936067724,glickman1layerduration,0.655746324907883,0.8744557742705606,0.2213132046357247,0.048613126917123536,0.4960760920428678
