subject,nll,bic,model,alpha,gamma,beta,lam,theta
33,135.70497518054776,298.4904523721176,glickman1layerduration,0.4671227189880796,0.5680358156617872,1.388170023227564,0.08263560688454108,0.7879831799666311
