subject,nll,bic,model,alpha,gamma,beta,lam,theta
23,107.95392499482551,242.98835200067313,glickman1layerduration,1.212692293528061,1.0,0.05177730305742296,0.049708382051487185,0.5072115265590531
