subject,nll,bic,model,alpha,gamma,beta,lam,theta
27,127.65435728801563,282.38921658705334,glickman1layerduration,0.23594213739861689,1.0,1.2654494248402062,0.06353507025237251,0.7271402581584576
