subject,nll,bic,model,alpha,gamma,beta,lam,theta
15,140.73388105890245,308.548264128827,glickman1layerduration,0.2207483633743164,1.0,1.7136212042271277,0.11834440264265038,0.6965004302719443
