subject,nll,bic,model,alpha,gamma,beta,lam,theta
42,96.10772928086938,219.29596057276086,glickman1layerduration,0.4828214625469116,0.45542146191826227,1.944608241564409,0.14141902592527553,0.6937528459205943
