subject,nll,bic,model,alpha,gamma,beta,lam,theta
4,150.78786269981316,328.6562274106484,glickman1layerduration,0.375848109483646,1.0,0.3569575234827134,0.07655049178318739,0.38649388642513394
