subject,nll,bic,model,alpha,gamma,beta,lam,theta
31,26.37927522006598,79.83905245115406,glickman1layerduration,0.008044381161618791,1.0,5.0,0.12189001109132834,0.758510348786675
