subject,nll,bic,model,alpha,gamma,beta,lam,theta
37,85.61436209321212,198.30922619744635,glickman1layerduration,0.3420791819300003,0.4035145041848481,2.131566703097135,0.07040976239343998,0.6986938043949004
