subject,nll,bic,model,alpha,gamma,beta,lam,theta
22,138.41037173736473,303.90124548575153,glickman1layerduration,0.20415615800132758,1.0,1.1596670886477165,0.09696659404553401,0.5687254504885803
