subject,nll,bic,model,alpha,gamma,beta,lam,theta
5,81.71002750710274,190.50055702522758,glickman1layerduration,0.15628754551737464,1.0,5.0,0.43569692916160907,0.7208715159467659
