subject,nll,bic,model,alpha,gamma,beta,lam,theta
2,74.69403215782413,176.46856632667036,glickman1layerduration,0.136135188379919,1.0,3.8705725150757435,0.10993839339497931,0.8532639029509805
