subject,nll,bic,model,alpha,gamma,beta,lam,theta
20,40.58988181261433,108.26026563625076,glickman1layerduration,0.2613190356291607,1.0,5.0,0.26326566128280793,0.8027266658218951
