subject,nll,bic,model,alpha,gamma,beta,lam,theta
26,75.86226280153781,178.80502761409772,glickman1layerduration,0.38713525579212504,0.50784737468902,5.0,0.7413556133392893,0.6311706759298739
