subject,nll,bic,model,alpha,gamma,beta,lam,theta
8,120.37785463179134,267.83621127460475,glickman1layerduration,0.14969278862520174,1.0,5.0,0.20074290769937697,0.8742659841346713
