subject,nll,bic,model,alpha,gamma,beta,lam,theta
32,157.68840696226266,342.4573159355474,glickman1layerduration,1.169953560136138,1.0,0.8791310728564606,1.0,0.9689955550061682
