subject,nll,bic,model,alpha,gamma,beta,lam,theta
41,138.89435499856876,304.66510203555833,glickman1layerduration,0.788776295017461,1.0,0.1243141448744486,0.1028877107660966,0.14729782424108537
