subject,nll,bic,model,alpha,gamma,beta,lam,theta
43,141.3648205556872,309.8101431223965,glickman1layerduration,1.0839261192262415,1.0,0.07439118690352979,0.05047465296377612,0.43769831003371734
