subject,nll,bic,model,alpha,gamma,beta,lam,theta
12,120.9819896233604,269.0444812577429,glickman1layerduration,0.2538182588737276,1.0,1.8325897382473824,0.08669502003396747,0.790441896887661
