subject,nll,bic,model,alpha,gamma,beta,lam,theta
10,127.56484804735408,282.2101981057302,glickman1layerduration,0.05141151199176572,1.0,5.0,0.308522605509032,0.8088252760185328
