subject,nll,bic,model,alpha,gamma,beta,lam,theta
16,76.94784894572462,180.97619990247134,glickman1layerduration,0.6496582894556616,0.5862990142215665,2.559343133083475,0.2996559014878661,0.863966869687154
