subject,nll,bic,model,alpha,gamma,beta,lam,theta
3,100.35572600238689,227.79195401579588,glickman1layerduration,0.28995497817975624,0.3309096081588215,5.0,0.09522916702266632,0.7067606816033873
