subject,nll,bic,model,alpha,gamma,beta,lam,theta
39,129.65648793826986,286.3934778875618,glickman1layerduration,1.7814583361248584,1.0,0.014724192654557565,0.11686372627730618,0.3011712993612672
