subject,nll,bic,model,alpha,gamma,beta,lam,theta
35,164.83213146022845,356.744764931479,glickman1layerduration,0.2558040129102324,1.0,0.6293974500257352,0.04726805441941607,0.7299448555722865
