subject,nll,bic,model,alpha,gamma,beta,lam,theta
36,90.42670092537588,207.93390386177387,glickman1layerduration,0.14946436340558028,1.0,5.0,0.16627252447520605,0.8742021313505915
