subject,nll,bic,model,alpha,gamma,beta,lam,theta
30,109.85977482583058,246.80005166268327,glickman1layerduration,0.30926456368941435,1.0,5.0,0.24903272988873795,0.9524333523984861
