subject,nll,bic,model,alpha,gamma,beta,lam,theta
9,66.3304320666516,159.7413661443253,glickman1layerduration,0.20214035062464145,1.0,1.8550488434721486,0.055141718954956294,0.6005297869168919
