,subject,nll,bic,model,w_p,lam,beta
22,22,148.65200762740358,313.5523164614204,sb_int-additive_comp-absolute_gbatt-false_gbalt-false_lk-gaze-dependent_inh-none,0.9524086297740364,0.6739655723064092,2.2748012556517483
