,subject,nll,bic,model,w_p,lam,beta
26,26,70.34020419906321,156.92870960473968,sb_int-additive_comp-absolute_gbatt-false_gbalt-false_lk-gaze-dependent_inh-none,0.5644188141644811,0.06733794412094773,4.61031918500729
