,subject,nll,bic,model,w_p,lam,beta
37,37,106.1454876663204,228.53927653925408,sb_int-additive_comp-absolute_gbatt-false_gbalt-false_lk-gaze-dependent_inh-none,0.7643465755639902,0.7418431398595315,2.258837377065224
