,subject,nll,bic,model,w_p,eta,lam,phi,wd,beta
42,42,107.5600775190249,247.61675745127633,sb_int-additive_comp-absolute_gbatt-true_gbalt-false_lk-gaze-dependent_inh-distance-dependent,0.49523680060000447,1.0,0.6383255545550024,1.2482094668975208e-07,27.866607591577615,2.5464860042410318
