,subject,nll,bic,model,alpha,gamma,theta,phi,beta
42,42,201.38809647769506,429.8566949664122,sb_int-multiplicative_comp-vsmean_gbatt-false_gbalt-true_lk-none_inh-gaze-dependent,0.5008641333734457,0.4552637971165164,0.5375347667876184,0.0,0.17738969579693875
