,subject,nll,bic,model,alpha,gamma,theta,phi,beta
19,19,182.12705415329378,391.33461031760964,sb_int-multiplicative_comp-vsmean_gbatt-false_gbalt-true_lk-none_inh-gaze-dependent,0.5114834266597187,0.5152242309063327,0.508420392292205,0.0,0.17553138673635624
