,subject,nll,bic,model,alpha,gamma,theta,phi,beta
38,38,155.43502104482747,337.950544100677,sb_int-multiplicative_comp-vsmean_gbatt-false_gbalt-true_lk-none_inh-gaze-dependent,0.7220956796281077,0.7060072741293921,0.6293573290498095,0.0,0.14224754236360673
