,subject,nll,bic,model,w_p,theta,lam,phi,beta
15,15,143.08282921393325,313.2461604388886,sb_int-additive_comp-vsmean_gbatt-false_gbalt-true_lk-gaze-dependent_inh-free,0.8186351934068452,0.652362999391407,0.5041907710859957,0.0,7.535582603526458
