,subject,nll,bic,model,w_p,theta,lam,beta
22,22,147.85612695463027,317.3766555180782,sb_int-additive_comp-vsmean_gbatt-false_gbalt-true_lk-gaze-dependent_inh-none,0.875981925351349,0.4625414369256977,0.6634835442475651,3.839107075470365
