subject,nll,bic,model,beta,beta_gen
15-gaze-baseline-dyn,219.53530442119893,444.48670924460225,gaze-baseline-stat,4.3594293243318845,1.2981952621179538
