subject,nll,bic,model,beta,beta_gen
0-pt,245.11184894807144,495.6397982983473,gaze-baseline-stat,1.3616841643816704,0.8282409557904871
