subject,nll,bic,model,beta,beta_gen
39-gaze-baseline-stat,214.6931978042922,434.8024960107888,gaze-baseline-stat,4.9988914244327765,5.283236553417951
