subject,nll,bic,model,beta,beta_gen
42-gaze-baseline-stat,218.43188724283544,442.2798748878753,gaze-baseline-stat,5.42501144469255,5.403144122628858
