subject,nll,bic,model,beta,beta_gen
6-gaze-baseline-stat,227.42942300959515,460.26601779065044,gaze-baseline-stat,2.9054847874775964,4.108056738821963
