subject,nll,bic,model,beta,beta_gen
3-pt,234.20892020115085,473.8339408045061,gaze-baseline-stat,2.9754590468056192,50.0
