subject,nll,bic,model,beta,beta_gen
34-glickman1layer,218.96417139965726,443.3444432015189,gaze-baseline-stat,5.512022038314425,1.1650110875492383
