subject,nll,bic,model,beta,beta_gen
32-glickman1layer,241.23620503482113,487.88851047184664,gaze-baseline-stat,2.0878326423250346,0.1652686840457516
