subject,nll,bic,model,beta,beta_gen
35-pt,247.18708995133713,499.79028030487865,gaze-baseline-stat,0.0,8.58980762168464
