subject,nll,bic,model,beta,beta_gen
27-gaze-baseline-dyn,209.54622427865039,424.50854895950516,gaze-baseline-stat,5.509215908221566,0.9965818057275536
