subject,nll,bic,model,beta,beta_gen
2-gaze-baseline-dyn,220.6340640132608,446.684228428726,gaze-baseline-stat,4.792003405869107,0.8146748256383369
