subject,nll,bic,model,beta,beta_gen
12-gaze-baseline-stat,218.8903465934004,443.1967935890052,gaze-baseline-stat,4.612399747284662,5.11531961975141
