subject,nll,bic,model,beta,beta_gen
24-gaze-baseline-stat,200.32120920356323,406.05851880933085,gaze-baseline-stat,7.4293062039000475,7.094983856955301
