subject,nll,bic,model,beta,beta_gen
36-gaze-baseline-stat,208.4028109946669,422.2217223915382,gaze-baseline-stat,4.573996958234245,5.775473785538468
