subject,nll,bic,model,beta,beta_gen
10-eu,235.11126422764406,475.6386288574925,gaze-baseline-stat,2.640429242585172,15.636891988538746
