subject,nll,bic,model,beta,beta_gen
4-pt,245.36144509007266,496.1389905823497,gaze-baseline-stat,0.9959714048805464,3.026507879343053
