subject,nll,bic,model,beta,beta_gen
43-gaze-baseline-stat,197.98868631737852,401.39347303696144,gaze-baseline-stat,5.046559787565601,5.446606038668586
