subject,nll,bic,model,beta,beta_gen
24-mdft,232.22603492830916,469.8681702588227,gaze-baseline-stat,3.771967716975096,
