subject,nll,bic,model,beta,beta_gen
0-eu,244.6330563982017,494.68221319860777,gaze-baseline-stat,1.511979807817174,0.5912193573663221
