subject,nll,bic,model,beta,beta_gen
22-gaze-baseline-dyn,205.57153712670805,416.5591746556205,gaze-baseline-stat,5.175367209630077,1.2829496689911997
