subject,nll,bic,model,beta,beta_gen
39-glickman1layer,221.3356177083363,448.08733581887697,gaze-baseline-stat,4.331213398371867,0.040973002709414
