subject,nll,bic,model,beta,beta_gen
19-glickman1layer,194.73471288353002,394.88552616926444,gaze-baseline-stat,8.259135342913922,1.2965321574135735
