subject,nll,bic,model,beta,beta_gen
18-mdft,223.25604152329413,451.92818344879265,gaze-baseline-stat,4.321946253227348,
