subject,nll,bic,model,beta,beta_gen
14-glickman1layer,221.62065419582308,448.65740879385055,gaze-baseline-stat,4.158655809747521,5.1993878204852
