subject,nll,bic,model,beta,beta_gen
5-mdft,242.75907559398735,490.9342515901791,gaze-baseline-stat,1.755726552312009,
