subject,nll,bic,model,beta,beta_gen
0-glickman1layer,228.36932909149326,462.1547585851909,gaze-baseline-stat,4.296235414523794,3.055905705534174
