subject,nll,bic,model,beta,beta_gen
39-gaze-baseline-dyn,229.06711433472822,463.5503290716608,gaze-baseline-stat,3.506619610730259,1.065235901843076
