subject,nll,bic,model,beta,beta_gen
5-gaze-baseline-dyn,234.35430020804168,474.12470081828775,gaze-baseline-stat,3.054775617888701,2.4444125383921813
