subject,nll,bic,model,beta,beta_gen
6-glickman1layer,217.76792131277745,440.943014397015,gaze-baseline-stat,3.7098381908060607,2.0783188193875426
