subject,nll,bic,model,beta,beta_gen
5-glickman1layer,232.030464577626,469.4770295574564,gaze-baseline-stat,3.342499896048652,9.995409385420643
