subject,nll,bic,model,beta,beta_gen
26-glickman1layer,227.88440790056967,461.18491620334373,gaze-baseline-stat,3.8012764824237864,49.74273699268767
