subject,nll,bic,model,beta,beta_gen
5-pt,243.28923147625807,491.9945633547205,gaze-baseline-stat,1.645422803788405,17.14475078817873
