subject,nll,bic,model,beta,beta_gen
10-glickman1layer,215.05561756010522,435.52733552241483,gaze-baseline-stat,4.681748057179269,11.420515402263485
