subject,nll,bic,model,beta,beta_gen
7-pt,240.41047350512594,486.23704741245626,gaze-baseline-stat,2.077383709952989,3.4572620281730004
