subject,nll,bic,model,beta,beta_gen
21-gaze-baseline-stat,171.0525873886955,347.5212751795954,gaze-baseline-stat,8.851649455598908,8.345069234881178
