subject,nll,bic,model,beta,beta_gen
3-glickman1layer,198.83848385240594,403.0930681070163,gaze-baseline-stat,6.386983293234906,26.315987723870453
