subject,nll,bic,model,beta,beta_gen
34-mdft,235.3150809581834,476.04626231857117,gaze-baseline-stat,3.3949280941577498,
