subject,nll,bic,model,beta,beta_gen
30-gaze-baseline-dyn,241.38169498045926,488.1794903631229,gaze-baseline-stat,1.8861530561799484,0.6508806205587653
