subject,nll,bic,model,beta,beta_gen
32-pt,241.52988117002795,488.4758627422603,gaze-baseline-stat,2.0344481642592145,0.8824016537352948
