subject,nll,bic,model,beta,beta_gen
18-glickman1layer,203.3249860993555,412.0660726009154,gaze-baseline-stat,6.311836305327745,5.159585244689372
