subject,nll,bic,model,beta,beta_gen
42-gaze-baseline-dyn,219.88117309554326,445.1784465932909,gaze-baseline-stat,5.260874077555195,1.566090972148022
