subject,nll,bic,model,beta,beta_gen
43-gaze-baseline-dyn,208.229250934923,421.87460227205037,gaze-baseline-stat,4.322931559352497,1.0697030846577684
