subject,nll,bic,model,beta,beta_gen
0-mdft,239.2486100791886,483.9133205605816,gaze-baseline-stat,2.700718904749215,
