subject,nll,bic,model,beta,beta_gen
34-eu,240.0793305018925,485.5747614059894,gaze-baseline-stat,2.594562032939509,2.7343117443582257
