subject,nll,bic,model,beta,beta_gen
11-mdft,240.50234344673345,486.4207872956713,gaze-baseline-stat,1.9981899376450523,
