subject,nll,bic,model,beta,beta_gen
22-glickman1layer,213.04825654333945,431.5126134888833,gaze-baseline-stat,4.546271062326296,2.9852597871596576
