subject,nll,bic,model,beta,beta_gen
17-gaze-baseline-stat,181.83690906900384,369.08991854021207,gaze-baseline-stat,6.973894898957272,7.633593779348207
