subject,nll,bic,model,beta,beta_gen
9-gaze-baseline-stat,169.18029849364245,343.7766973894893,gaze-baseline-stat,9.312622778706052,9.873668723940826
