subject,nll,bic,model,beta,beta_gen
6-gaze-baseline-dyn,236.76834837575842,478.94386852297697,gaze-baseline-stat,1.9495269078417854,1.727774765053838
