subject,nll,bic,model,beta,beta_gen
33-mdft,246.07070093395984,497.5575022701241,gaze-baseline-stat,0.9367454343433222,
