subject,nll,bic,model,beta,beta_gen
2-gaze-baseline-stat,206.53655029493552,418.48920099207544,gaze-baseline-stat,6.19553306882924,5.8146260363952535
