subject,nll,bic,model,beta,beta_gen
26-eu,242.59851609505142,490.61313259230724,gaze-baseline-stat,1.7949884315575695,6.560475781999901
