subject,nll,bic,model,beta,beta_gen
17-mdft,236.25797788781486,477.9320561778341,gaze-baseline-stat,2.22777192289005,
