subject,nll,bic,model,beta,beta_gen
13-gaze-baseline-dyn,196.1015924054323,397.619285213069,gaze-baseline-stat,6.614519906655855,1.1507883760458113
