subject,nll,bic,model,beta,beta_gen
18-gaze-baseline-dyn,205.97646078965482,417.36902198151404,gaze-baseline-stat,6.054682167940785,0.7912501265320757
