subject,nll,bic,model,beta,beta_gen
35-gaze-baseline-stat,222.88515578595658,451.18641197411756,gaze-baseline-stat,3.400280178917965,3.1640340408044167
