subject,nll,bic,model,beta,beta_gen
16-eu,236.49790153877143,478.41190347974725,gaze-baseline-stat,2.1872910478990866,1.1991017818469196
