subject,nll,bic,model,beta,beta_gen
27-mdft,241.66015412261595,488.7364086474363,gaze-baseline-stat,1.936858059068786,
