subject,nll,bic,model,beta,beta_gen
26-gaze-baseline-dyn,233.13850147146218,471.69310334512875,gaze-baseline-stat,3.1969692528252898,2.692923499682729
