subject,nll,bic,model,beta,beta_gen
41-pt,237.17616392611393,479.727606259912,gaze-baseline-stat,0.23740112127486818,0.7430014959974113
