subject,nll,bic,model,beta,beta_gen
23-pt,236.6095617848089,478.6352239718222,gaze-baseline-stat,2.7460257782430473,0.8797157788529822
