subject,nll,bic,model,beta,beta_gen
8-mdft,244.48195155435616,494.3800035109167,gaze-baseline-stat,1.520448844564518,
