subject,nll,bic,model,beta,beta_gen
14-gaze-baseline-dyn,225.36824803116627,456.15259646453694,gaze-baseline-stat,3.7966214137292456,1.2371747197000509
