subject,nll,bic,model,beta,beta_gen
36-gaze-baseline-dyn,232.4474267413948,470.310953884994,gaze-baseline-stat,2.6174536890104108,1.899217831935884
