subject,nll,bic,model,beta,beta_gen
33-gaze-baseline-dyn,236.10729146922233,477.63068334064906,gaze-baseline-stat,3.0124542117010384,0.8763752313685167
