subject,nll,bic,model,beta,beta_gen
20-mdft,237.55196464429343,480.52002969079126,gaze-baseline-stat,2.61950657830952,
