subject,nll,bic,model,beta,beta_gen
32-gaze-baseline-dyn,245.29220734421824,496.0005150906409,gaze-baseline-stat,1.171818533076309,0.3394967153862513
