subject,nll,bic,model,beta,beta_gen
3-gaze-baseline-stat,192.15081149274062,389.7177233876856,gaze-baseline-stat,6.9837942986665995,7.780741773339563
