subject,nll,bic,model,beta,beta_gen
13-mdft,225.55648014625763,456.52906069471965,gaze-baseline-stat,3.876703418359886,
