subject,nll,bic,model,beta,beta_gen
38-pt,236.832238606999,479.0805776162024,gaze-baseline-stat,3.081205522458052,4.034852471878214
