subject,nll,bic,model,beta,beta_gen
27-gaze-baseline-stat,212.7228717871833,430.861843976571,gaze-baseline-stat,5.218421002267106,4.850291731275704
