subject,nll,bic,model,beta,beta_gen
30-mdft,243.14861967234566,491.7133397468957,gaze-baseline-stat,1.5667212789338254,
