subject,nll,bic,model,beta,beta_gen
31-gaze-baseline-stat,209.476268661942,424.36863772608837,gaze-baseline-stat,6.36099165888227,6.992874960679613
