subject,nll,bic,model,beta,beta_gen
0-gaze-baseline-dyn,231.0626880524394,467.5414765070832,gaze-baseline-stat,3.942265379455538,2.1575953963278645
