subject,nll,bic,model,beta,beta_gen
4-eu,244.5773646755467,494.5708297532978,gaze-baseline-stat,1.1912923392119121,3.026503176054454
