subject,nll,bic,model,beta,beta_gen
11-glickman1layer,190.13011026199047,385.6763209261853,gaze-baseline-stat,7.083002076935356,2.730729438849143
