subject,nll,bic,model,beta,beta_gen
7-mdft,236.28142192691956,477.9789442560435,gaze-baseline-stat,2.6611570394686255,
