subject,nll,bic,model,beta,beta_gen
6-mdft,224.6398174592543,454.6868066899687,gaze-baseline-stat,3.1493539389216743,
