subject,nll,bic,model,beta,beta_gen
16-mdft,238.18441209751177,481.7849245972279,gaze-baseline-stat,2.000723698168616,
