subject,nll,bic,model,beta,beta_gen
39-eu,242.73912168212308,490.89434376645056,gaze-baseline-stat,1.6460331124002312,0.0991684207165965
