subject,nll,bic,model,beta,beta_gen
4-glickman1layer,227.16205435626887,459.74020911474213,gaze-baseline-stat,3.464410935826832,0.8534018676604991
