subject,nll,bic,model,beta,beta_gen
35-gaze-baseline-dyn,232.81671656426676,471.0495335307379,gaze-baseline-stat,2.540768492991262,0.4673254192390744
