subject,nll,bic,model,beta,beta_gen
12-eu,240.52335365106532,486.46280770433503,gaze-baseline-stat,2.1005775931511272,13.521899404601356
