subject,nll,bic,model,beta,beta_gen
2-pt,237.19817777003797,479.81245594228034,gaze-baseline-stat,2.815188992225618,30.00289283889281
