subject,nll,bic,model,beta,beta_gen
42-pt,247.12474650093412,499.66559340407264,gaze-baseline-stat,0.2338028217979679,4.053178545048437
