subject,nll,bic,model,beta,beta_gen
27-pt,242.7286139932368,490.873328388678,gaze-baseline-stat,1.7367590609087855,12.95865250408305
