subject,nll,bic,model,beta,beta_gen
37-glickman1layer,214.49042135657595,434.3969431153563,gaze-baseline-stat,5.002490347846836,5.080639756677683
