subject,nll,bic,model,beta,beta_gen
27-eu,245.24569064338317,495.90748168897073,gaze-baseline-stat,1.1432152654182424,12.958706197217346
