subject,nll,bic,model,beta,beta_gen
24-gaze-baseline-dyn,226.46751754964134,458.3511355014871,gaze-baseline-stat,4.515722714364455,1.5162564670912744
