subject,nll,bic,model,beta,beta_gen
21-mdft,234.29501343677117,474.00612727574673,gaze-baseline-stat,2.89094197435095,
