subject,nll,bic,model,beta,beta_gen
33-eu,247.18708995133713,499.79028030487865,gaze-baseline-stat,0.0,4.968995843022225
