subject,nll,bic,model,beta,beta_gen
17-gaze-baseline-dyn,217.4524262913535,440.3209529849114,gaze-baseline-stat,3.97385341127496,0.9360759628792892
