subject,nll,bic,model,beta,beta_gen
12-glickman1layer,224.2491902481265,453.9144808984574,gaze-baseline-stat,4.07910970563698,3.4365366801311112
