subject,nll,bic,model,beta,beta_gen
8-gaze-baseline-dyn,242.3572209944729,490.1305423911502,gaze-baseline-stat,2.0435499377433426,1.2319964964222891
