subject,nll,bic,model,beta,beta_gen
30-eu,241.59123248612428,488.59856537445296,gaze-baseline-stat,1.8508572377133294,20.73271651109641
