subject,nll,bic,model,beta,beta_gen
15-gaze-baseline-stat,192.51609671937808,390.44829384096056,gaze-baseline-stat,6.779831763678943,5.839472097006648
