subject,nll,bic,model,beta,beta_gen
8-eu,246.58950027952798,498.59510096126036,gaze-baseline-stat,0.7113623432703656,19.145785378750883
