subject,nll,bic,model,beta,beta_gen
30-glickman1layer,239.50880571078258,484.43371182376956,gaze-baseline-stat,2.1795436132237564,12.170906014287672
