subject,nll,bic,model,beta,beta_gen
6-pt,226.33189742202654,458.0709666155132,gaze-baseline-stat,3.002891030712058,5.045087893378423
