subject,nll,bic,model,beta,beta_gen
16-glickman1layer,221.70586690714376,448.8278342164919,gaze-baseline-stat,3.505783629258645,4.440525235762162
