subject,nll,bic,model,beta,beta_gen
18-eu,229.23742459403437,463.8909495902731,gaze-baseline-stat,3.664711282352529,12.193105093669988
