subject,nll,bic,model,beta,beta_gen
10-gaze-baseline-dyn,228.10063955665112,461.6173795155066,gaze-baseline-stat,3.4163463989991367,1.4342571464305418
