subject,nll,bic,model,beta,beta_gen
1-mdft,233.31369524395961,472.0434908901236,gaze-baseline-stat,3.616117883840632,
