subject,nll,bic,model,beta,beta_gen
31-mdft,223.60913657748011,452.6343735571646,gaze-baseline-stat,4.7806631560498785,
