subject,nll,bic,model,beta,beta_gen
1-eu,237.42003505302154,480.25617050824746,gaze-baseline-stat,2.9987695224718505,5.220320524130496
