subject,nll,bic,model,beta,beta_gen
7-eu,237.11428389136927,479.64466818494293,gaze-baseline-stat,2.5522083678519927,0.9974613197912648
