subject,nll,bic,model,beta,beta_gen
34-gaze-baseline-dyn,232.2495218247807,469.91514405176576,gaze-baseline-stat,3.841766350287442,0.7374192871055655
