subject,nll,bic,model,beta,beta_gen
23-mdft,239.23186982491035,483.8798400520251,gaze-baseline-stat,2.3714561366518203,
