subject,nll,bic,model,beta,beta_gen
21-gaze-baseline-dyn,197.0295797822571,399.47525996671857,gaze-baseline-stat,6.4608671545043626,2.5934627854867016
