subject,nll,bic,model,beta,beta_gen
7-glickman1layer,212.31979008282946,430.0556805678633,gaze-baseline-stat,5.11779231409603,1.0183563597219791
