subject,nll,bic,model,beta,beta_gen
23-gaze-baseline-dyn,213.059984948148,431.5360702985004,gaze-baseline-stat,5.219050836698329,0.9677566666585444
