subject,nll,bic,model,beta,beta_gen
41-gaze-baseline-dyn,197.73612234635442,400.847523100393,gaze-baseline-stat,4.954084997313258,1.2136785650096904
