subject,nll,bic,model,beta,beta_gen
39-pt,246.5768780977122,498.5698565976288,gaze-baseline-stat,0.6078518328366075,0.0991679376206114
