subject,nll,bic,model,beta,beta_gen
20-gaze-baseline-stat,220.906429942323,447.2289602868504,gaze-baseline-stat,4.5221707813537915,4.143555287347708
