subject,nll,bic,model,beta,beta_gen
32-gaze-baseline-stat,246.37460649130503,498.16531338481445,gaze-baseline-stat,0.7680727606950875,1.3153576653955958
