subject,nll,bic,model,beta,beta_gen
18-gaze-baseline-stat,177.20389360374094,359.82388760968627,gaze-baseline-stat,8.878429228995268,8.336874045930232
