subject,nll,bic,model,beta,beta_gen
3-mdft,245.09585423641715,495.6078088750387,gaze-baseline-stat,1.1750846991048736,
