subject,nll,bic,model,beta,beta_gen
13-glickman1layer,187.03107229121684,379.4782449846381,gaze-baseline-stat,7.449566753244955,0.4554566492183077
