subject,nll,bic,model,beta,beta_gen
13-pt,241.23459853616265,487.8852974745297,gaze-baseline-stat,1.9479908022861798,3.37435060358351
