subject,nll,bic,model,beta,beta_gen
16-gaze-baseline-dyn,232.1005402035144,469.6171808092332,gaze-baseline-stat,2.624087199724442,2.0801354349738763
