subject,nll,bic,model,beta,beta_gen
12-gaze-baseline-dyn,221.73182739471963,448.87975519164365,gaze-baseline-stat,4.332860214398016,0.7959444286177371
