subject,nll,bic,model,beta,beta_gen
42-mdft,246.80429196093326,499.0246843240709,gaze-baseline-stat,0.5790012604261993,
