subject,nll,bic,model,beta,beta_gen
20-eu,242.49697029009354,490.4100409823915,gaze-baseline-stat,1.8096415733332245,27.497345129461767
