subject,nll,bic,model,beta,beta_gen
26-pt,244.7458591538385,494.9078187098814,gaze-baseline-stat,1.3086087637493355,21.755127013623817
