subject,nll,bic,model,beta,beta_gen
1-glickman1layer,201.85525770059553,409.12661580339545,gaze-baseline-stat,7.2708168509420075,0.7058246706746203
