subject,nll,bic,model,beta,beta_gen
18-pt,226.68613027156982,458.78836094534404,gaze-baseline-stat,3.9514682005847166,19.860678241518315
