subject,nll,bic,model,beta,beta_gen
38-gaze-baseline-stat,199.11842762265672,403.65295564751784,gaze-baseline-stat,7.627855496249187,7.550364703585643
