subject,nll,bic,model,beta,beta_gen
41-mdft,234.94824643994536,475.2717712875749,gaze-baseline-stat,1.0321284793313514,
