subject,nll,bic,model,beta,beta_gen
15-glickman1layer,221.35575870409934,448.1276178104031,gaze-baseline-stat,4.187993923464433,4.509810842369364
