subject,nll,bic,model,beta,beta_gen
33-gaze-baseline-stat,233.29108871481276,471.9982778318299,gaze-baseline-stat,3.401353316822083,4.559564110340064
