subject,nll,bic,model,beta,beta_gen
23-gaze-baseline-stat,214.22275732666213,433.86161505552866,gaze-baseline-stat,5.112390027191785,5.407996510497746
