subject,nll,bic,model,beta,beta_gen
32-eu,245.27591453349697,495.96792946919834,gaze-baseline-stat,1.1768463000183367,0.8824029077691374
