subject,nll,bic,model,beta,beta_gen
31-pt,225.31924779415172,456.05459599050783,gaze-baseline-stat,4.577947034839901,50.0
