subject,nll,bic,model,beta,beta_gen
26-gaze-baseline-stat,223.34028015980394,452.09666072181227,gaze-baseline-stat,4.283494605070064,4.477165889601494
