subject,nll,bic,model,beta,beta_gen
37-gaze-baseline-dyn,215.11335484733385,435.6428100968721,gaze-baseline-stat,4.945227825672705,1.2455861496045533
