subject,nll,bic,model,beta,beta_gen
0-gaze-baseline-stat,213.02930726560106,431.4747149334065,gaze-baseline-stat,6.101015186199547,6.652314601141089
