subject,nll,bic,model,beta,beta_gen
43-eu,239.66372339478363,484.74354719177165,gaze-baseline-stat,1.7156057329256051,0.7150495757864478
