subject,nll,bic,model,beta,beta_gen
15-eu,246.78612783882681,498.988356079858,gaze-baseline-stat,0.4922068062786149,8.500983274219447
