subject,nll,bic,model,beta,beta_gen
13-eu,241.43030304459768,488.27670649139975,gaze-baseline-stat,1.9148770014027012,2.7298540109079523
