subject,nll,bic,model,beta,beta_gen
32-mdft,246.80529620344316,499.0266928090907,gaze-baseline-stat,0.5273257359172693,
