subject,nll,bic,model,beta,beta_gen
11-gaze-baseline-stat,162.7107249730593,330.837550348323,gaze-baseline-stat,9.905570357020665,8.11208943150071
