subject,nll,bic,model,beta,beta_gen
19-mdft,242.78136089395124,490.9788221901069,gaze-baseline-stat,1.9831275274647608,
