subject,nll,bic,model,beta,beta_gen
36-pt,236.7631488729046,478.9423981480136,gaze-baseline-stat,2.180165899248041,27.64898120590922
