subject,nll,bic,model,beta,beta_gen
42-glickman1layer,225.29486886561267,456.00583813342973,gaze-baseline-stat,4.628164123674774,4.145331676837502
