subject,nll,bic,model,beta,beta_gen
13-gaze-baseline-stat,180.61489109840522,366.64588259901484,gaze-baseline-stat,8.057285447328075,8.83982466197098
