subject,nll,bic,model,beta,beta_gen
16-pt,236.23044314042352,477.8769866830514,gaze-baseline-stat,2.2157050545579504,8.439788432393728
