subject,nll,bic,model,beta,beta_gen
21-eu,242.0645267369835,489.5451538761714,gaze-baseline-stat,1.7926007936959991,1.2134934594335964
