subject,nll,bic,model,beta,beta_gen
24-eu,240.99114755235894,487.39839550692227,gaze-baseline-stat,2.3706374009816313,17.16138928032812
