subject,nll,bic,model,beta,beta_gen
24-glickman1layer,207.77275415596398,420.96160871413235,gaze-baseline-stat,6.6285229357671485,7.302719155931584
