subject,nll,bic,model,beta,beta_gen
30-pt,246.5003593289054,498.4168190600152,gaze-baseline-stat,0.6428277417649891,20.732720199869952
