subject,nll,bic,model,beta,beta_gen
22-gaze-baseline-stat,208.2042817423067,421.8246638868178,gaze-baseline-stat,4.95453917101097,5.309033715327397
