subject,nll,bic,model,beta,beta_gen
20-pt,239.47218019116767,484.3604607845397,gaze-baseline-stat,2.334236932475782,27.574121348221983
