subject,nll,bic,model,beta,beta_gen
21-glickman1layer,184.32065268267945,374.0574057675633,gaze-baseline-stat,7.605352950724387,10.095628845207218
