subject,nll,bic,model,beta,beta_gen
20-glickman1layer,230.6213754202023,466.658851242609,gaze-baseline-stat,3.4939271310346496,14.433326128109456
