subject,nll,bic,model,beta,beta_gen
34-gaze-baseline-stat,227.3266791995785,460.0694588013614,gaze-baseline-stat,4.497229265721256,5.621322290512603
