subject,nll,bic,model,beta,beta_gen
33-glickman1layer,228.8465326067256,463.10916561565557,gaze-baseline-stat,3.962021174833675,2.2702746106833245
