subject,nll,bic,model,beta,beta_gen
2-glickman1layer,218.5036552816338,442.423410965472,gaze-baseline-stat,5.011923382687215,7.631085221669398
