subject,nll,bic,model,beta,beta_gen
7-gaze-baseline-dyn,209.03257262648214,423.48124565516866,gaze-baseline-stat,5.414760717418063,0.6740448251009643
