subject,nll,bic,model,beta,beta_gen
38-glickman1layer,210.52070622107044,426.4575128443453,gaze-baseline-stat,6.363899078488483,0.9095176070500912
