subject,nll,bic,model,beta,beta_gen
38-eu,242.99956804947595,491.4152365011563,gaze-baseline-stat,1.9262014688535942,1.428735775356979
