subject,nll,bic,model,beta,beta_gen
17-pt,243.49007417321653,492.39624874863745,gaze-baseline-stat,1.2722897826607853,11.84493420641816
