subject,nll,bic,model,beta,beta_gen
38-mdft,239.6157061007157,484.6475126036358,gaze-baseline-stat,2.613202448003395,
