subject,nll,bic,model,beta,beta_gen
43-pt,246.3643087115429,498.1447178252902,gaze-baseline-stat,0.5637469885305295,0.7150605320646904
