subject,nll,bic,model,beta,beta_gen
31-glickman1layer,206.41669746113948,418.24949532448335,gaze-baseline-stat,6.692675721712142,31.648695601214893
