subject,nll,bic,model,beta,beta_gen
35-glickman1layer,221.76237626883167,448.94085293986774,gaze-baseline-stat,3.4903153968051486,1.334813422199706
