subject,nll,bic,model,beta,beta_gen
8-gaze-baseline-stat,223.68166754201104,452.7794354862265,gaze-baseline-stat,4.806907614333343,4.149588353871193
