subject,nll,bic,model,beta,beta_gen
11-eu,240.5669630059025,486.5500264140094,gaze-baseline-stat,1.9882043148626756,10.753013320728677
