subject,nll,bic,model,beta,beta_gen
19-gaze-baseline-dyn,206.683317629411,418.7827356610264,gaze-baseline-stat,6.893180272105173,0.937204317818266
