subject,nll,bic,model,beta,beta_gen
2-eu,230.97389515578595,467.3638907137763,gaze-baseline-stat,3.639890956219978,29.88974349607064
