subject,nll,bic,model,beta,beta_gen
5-gaze-baseline-stat,230.94380608580178,467.30371257380796,gaze-baseline-stat,3.471528455687208,3.929126611244735
