subject,nll,bic,model,beta,beta_gen
17-eu,243.2878553484167,491.9918110990378,gaze-baseline-stat,1.3068764105801163,4.000443846454459
