subject,nll,bic,model,beta,beta_gen
9-eu,243.13603435711292,491.68816911643023,gaze-baseline-stat,1.4603211815889725,14.000493906638829
