subject,nll,bic,model,beta,beta_gen
10-pt,238.52673315058087,482.4695667033661,gaze-baseline-stat,2.2063588146872664,15.637056112012392
