subject,nll,bic,model,beta,beta_gen
12-pt,242.60686555805495,490.6298315183143,gaze-baseline-stat,1.7348202693262813,13.496066054422936
