subject,nll,bic,model,beta,beta_gen
36-mdft,246.4851351519934,498.3863707061912,gaze-baseline-stat,0.562882995031916,
