subject,nll,bic,model,beta,beta_gen
38-gaze-baseline-dyn,198.76410825780692,402.94431691781824,gaze-baseline-stat,7.667161326541592,1.1660557525468682
