subject,nll,bic,model,beta,beta_gen
41-gaze-baseline-stat,184.3768313526097,374.1289411129036,gaze-baseline-stat,6.1086812183072405,6.0801170949253205
