subject,nll,bic,model,beta,beta_gen
23-glickman1layer,218.87196779270732,443.16003598761904,gaze-baseline-stat,4.677911237619025,0.089638824070134
