subject,nll,bic,model,beta,beta_gen
1-pt,230.16872970606812,465.75355981434063,gaze-baseline-stat,4.0431138500544295,5.220323768193317
