subject,nll,bic,model,beta,beta_gen
9-gaze-baseline-dyn,211.2145944777742,427.8452893577528,gaze-baseline-stat,5.042181781329937,2.888440100239191
