subject,nll,bic,model,beta,beta_gen
11-pt,244.37852942864146,494.1731592594873,gaze-baseline-stat,1.2859959348429557,10.752997283714455
