subject,nll,bic,model,beta,beta_gen
8-pt,246.80801596239286,499.0321323269901,gaze-baseline-stat,0.5664278243091457,19.14808889648113
