subject,nll,bic,model,beta,beta_gen
21-pt,234.83044524323526,475.0769908886749,gaze-baseline-stat,2.8263781420892835,15.42804920659817
