subject,nll,bic,model,beta,beta_gen
3-gaze-baseline-dyn,209.89703095973383,425.21016232167204,gaze-baseline-stat,5.401041162536468,1.5840047707164235
