subject,nll,bic,model,beta,beta_gen
19-eu,246.20193171998466,497.8199638421737,gaze-baseline-stat,0.9316085975250179,0.5516483175253851
