subject,nll,bic,model,beta,beta_gen
16-gaze-baseline-stat,215.28791811931222,435.99193664082884,gaze-baseline-stat,3.99886238905198,4.998760426100443
