subject,nll,bic,model,beta,beta_gen
17-glickman1layer,206.77323598463875,418.9625723714819,gaze-baseline-stat,4.866632345602679,2.060751980793312
