subject,nll,bic,model,beta,beta_gen
15-pt,244.723722592306,494.8635455868164,gaze-baseline-stat,1.2179827967162116,8.501004908117357
