subject,nll,bic,model,beta,beta_gen
31-eu,219.31859490619289,444.05329021459016,gaze-baseline-stat,5.274549827946559,49.944977950781926
