subject,nll,bic,model,beta,beta_gen
22-mdft,240.24297160263075,485.9020436074659,gaze-baseline-stat,1.870111113315301,
