subject,nll,bic,model,beta,beta_gen
8-glickman1layer,242.78429645690952,490.9846933160234,gaze-baseline-stat,1.9487174033607253,9.258593702230275
