subject,nll,bic,model,beta,beta_gen
9-glickman1layer,182.9327972233978,371.281694849,gaze-baseline-stat,7.834955020773224,4.7242545390726205
