subject,nll,bic,model,beta,beta_gen
19-gaze-baseline-stat,212.84185085359692,431.09980210939824,gaze-baseline-stat,6.187326517275055,7.783433100009985
