subject,nll,bic,model,beta,beta_gen
27-glickman1layer,222.3149830917892,450.0460665857828,gaze-baseline-stat,4.3065204134567665,2.74853916822797
