subject,nll,bic,model,beta,beta_gen
35-eu,246.70439553716744,498.8248914765393,gaze-baseline-stat,0.45808830397345557,8.589790751985792
