subject,nll,bic,model,beta,beta_gen
24-pt,239.91354145494506,485.2431833120945,gaze-baseline-stat,2.5754665936400785,17.161537070697648
