subject,nll,bic,model,beta,beta_gen
23-eu,235.86344062600912,477.14298165422264,gaze-baseline-stat,2.844979681230937,0.8797087920141552
