subject,nll,bic,model,beta,beta_gen
15-mdft,246.50331596485813,498.42273233192066,gaze-baseline-stat,0.642194083415493,
