subject,nll,bic,model,beta,beta_gen
12-mdft,243.64882455400226,492.7137495102089,gaze-baseline-stat,1.522527115088508,
