subject,nll,bic,model,beta,beta_gen
37-pt,242.45081594274544,490.31773228769526,gaze-baseline-stat,1.7693542200499768,47.69048795299546
