subject,nll,bic,model,beta,beta_gen
11-gaze-baseline-dyn,195.47292512976716,396.3619506617387,gaze-baseline-stat,6.580962480820204,1.2808586694797828
