subject,nll,bic,model,beta,beta_gen
2-mdft,227.22372314204813,459.86354668630065,gaze-baseline-stat,4.07882553924016,
