subject,nll,bic,model,beta,beta_gen
36-eu,234.04514405358384,473.5063885093721,gaze-baseline-stat,2.4622341718091434,27.648960494814336
