subject,nll,bic,model,beta,beta_gen
14-eu,247.1513200128424,499.7187404278892,gaze-baseline-stat,0.14765859546923654,0.5680517862063825
