subject,nll,bic,model,beta,beta_gen
35-mdft,243.1756316575772,491.7673637173588,gaze-baseline-stat,1.3158882499742224,
