subject,nll,bic,model,beta,beta_gen
30-gaze-baseline-stat,241.81718354259127,489.0504674873869,gaze-baseline-stat,1.812120494988418,2.7015870365031667
