subject,nll,bic,model,beta,beta_gen
10-mdft,246.27109834435151,497.9582970909074,gaze-baseline-stat,0.7027233278411998,
