subject,nll,bic,model,beta,beta_gen
14-gaze-baseline-stat,217.94415070662882,441.30440181546203,gaze-baseline-stat,4.501749622663514,4.839539285554218
