subject,nll,bic,model,beta,beta_gen
10-gaze-baseline-stat,206.42152825095275,418.2591569041099,gaze-baseline-stat,5.471008728802551,5.904793452182461
