subject,nll,bic,model,beta,beta_gen
9-mdft,230.934916365068,467.2859331323404,gaze-baseline-stat,3.0652120978127275,
