subject,nll,bic,model,beta,beta_gen
31-gaze-baseline-dyn,214.9292912624431,435.27468292709057,gaze-baseline-stat,5.764557308941633,3.1569753995395664
