subject,nll,bic,model,beta,beta_gen
4-gaze-baseline-stat,219.4521937248959,444.3204878519962,gaze-baseline-stat,4.187030085070049,4.796546893528863
