subject,nll,bic,model,beta,beta_gen
4-gaze-baseline-dyn,217.70638048994516,440.8288613820947,gaze-baseline-stat,4.3437173288420245,0.8339318594741514
