subject,nll,bic,model,beta,beta_gen
19-pt,243.81643827877585,493.0489769597561,gaze-baseline-stat,1.730066058645251,4.052154605644132
