subject,nll,bic,model,beta,beta_gen
22-pt,246.13458475257602,497.6852699073564,gaze-baseline-stat,0.7247380418606947,8.314900145040697
