subject,nll,bic,model,beta,beta_gen
7-gaze-baseline-stat,208.92052461539416,423.2571496329927,gaze-baseline-stat,5.424838356545464,5.65374942963449
