subject,nll,bic,model,beta,beta_gen
5-eu,241.28604087552134,487.98818215324707,gaze-baseline-stat,2.033638364247193,17.081780107225107
