subject,nll,bic,model,beta,beta_gen
14-pt,247.18708995133713,499.79028030487865,gaze-baseline-stat,0.0,12.555762869232613
