subject,nll,bic,model,beta,beta_gen
36-glickman1layer,215.1065132577835,435.6291269177714,gaze-baseline-stat,4.064200520095317,19.45233598660902
