subject,nll,bic,model,beta,beta_gen
37-eu,244.46794342795243,494.35198725810926,gaze-baseline-stat,1.3362875614117748,3.4183546967688434
