subject,nll,bic,model,beta,beta_gen
41-eu,237.13484721038446,479.6449728284531,gaze-baseline-stat,0.27411453026349186,0.7430012248854967
