subject,nll,bic,model,beta,beta_gen
33-pt,247.17901795526768,499.77413631273976,gaze-baseline-stat,0.07992860361956139,9.176392301461494
