subject,nll,bic,model,beta,beta_gen
1-gaze-baseline-stat,180.57675221474528,366.56960483169496,gaze-baseline-stat,9.59335158617437,8.895561780994154
