subject,nll,bic,model,beta,beta_gen
1-gaze-baseline-dyn,214.62269067059407,434.6614817433925,gaze-baseline-stat,5.88515293501038,0.7684205702762748
