subject,nll,bic,model,beta,beta_gen
39-mdft,241.09304546610102,487.6021913344064,gaze-baseline-stat,1.9366723520156894,
