subject,nll,bic,model,beta,beta_gen
3-eu,243.12789758361222,491.67189556942884,gaze-baseline-stat,1.6386284527866266,4.324361161312236
