subject,nll,bic,model,beta,beta_gen
6-eu,234.61823118734722,474.64363414615457,gaze-baseline-stat,2.198169121441185,2.5971971789674257
