subject,nll,bic,model,beta,beta_gen
37-mdft,231.59353789320892,468.60317618862223,gaze-baseline-stat,3.2911418417309126,
