subject,nll,bic,model,beta,beta_gen
26-mdft,238.73634875918668,482.88879792057776,gaze-baseline-stat,2.4490743342931034,
