subject,nll,bic,model,beta,beta_gen
43-glickman1layer,197.4529138628589,400.3219281279222,gaze-baseline-stat,5.084343828629912,0.133051842736483
