subject,nll,bic,model,beta,beta_gen
9-pt,235.20821429838873,475.83252899898184,gaze-baseline-stat,2.580531234237168,14.00044782929071
