subject,nll,bic,model,beta,beta_gen
20-gaze-baseline-dyn,237.22707953952488,479.87025948125415,gaze-baseline-stat,2.6652648265819496,3.075966017921422
