subject,nll,bic,model,beta,beta_gen
4-mdft,247.14831627202074,499.71273294624586,gaze-baseline-stat,0.14612581936977845,
