subject,nll,bic,model,beta,beta_gen
37-gaze-baseline-stat,182.10639565303256,369.6288917082695,gaze-baseline-stat,7.87712659521083,6.620788947761238
