subject,nll,bic,model,beta,beta_gen
14-mdft,246.1492108219,497.7145220460044,gaze-baseline-stat,0.7914462697768744,
