subject,nll,bic,model,beta,beta_gen
34-pt,240.25316756454416,485.9224355312927,gaze-baseline-stat,2.5615873276240197,2.7770622785536223
