subject,nll,bic,model,beta,beta_gen
41-glickman1layer,184.80896658479233,374.9932115772688,gaze-baseline-stat,6.0708456413933245,0.2292348594698415
