subject,nll,bic,model,beta,beta_gen
22-eu,246.7423400343974,498.90078047099917,gaze-baseline-stat,0.47232018592699393,8.31490598560876
