,subject,nll,bic,model,alpha,gamma,lam,phi,beta
18,18,112.62099787616202,252.32249776334615,sb_int-multiplicative_comp-vsmean_gbatt-false_gbalt-false_lk-gaze-dependent_inh-free,0.37843068580222233,0.5762615902591482,0.4892552698775977,0.13433842276479352,3.6147943021236073
