,subject,nll,bic,model,alpha,gamma,eta,theta,lam,phi,beta
24,24,95.28078082402297,228.47426446347689,sb_int-multiplicative_comp-absolute_gbatt-true_gbalt-true_lk-gaze-dependent_inh-free,0.22212857461970215,1.0,1.0,1.0,0.7198427718399383,0.09420243557288951,1.2224320058616254
